nama_normal,deskripsi,fakultas,program
Fisiologi Tumbuhan,"Mata kuliah Fisiologi
Tumbuhan membahas konsep-ko n sep fisiologi tumbuhan dalam hal rumah tangga ...",Fakultas Biologi,Program Sarjana Biologi
Processing Daging Unggas,"Video Pembelajaran-Nutrisi Daging Unggas Mata kuliah ""Processing Daging Unggas"" membahas berbagai ...",Fakultas Peternakan,
Filsafat Pendidikan,"SELAMAT DATANG DI KELAS FILSAFAT PENDIDIKAN Matakuliah Filsafat Pendidikan
diselenggarakan untuk ...",Fakultas Filsafat,
Fisika,"Topik-topik yang akan dipelajari : besaran, satuan, Kinematika, dinamika, sistem patikel,
getaran...",Fakultas Geografi,
Bahasa Arab Lisan II,"Mata kuliah wajib program
studi yang mengantar kan mahasiswa agar mampu menyimak dan berbicara de...",Fakultas Ilmu Budaya,
Penilaian Properti Pengantar,Selamat datang di mata kuliah Penilaian Properti Pengantar! Penilaian Properti adalah salah satu m...,Sekolah Vokasi,Sekolah Vokasi
Biostatistika,Mata kuliah Biostatistika merupakan matakuliah dasar yang berisi konsep statistika deskriptif dan...,Fakultas Biologi,Program Sarjana Biologi
"Biosphere Reserve of Komodo and Orangutan: Komodo, Bats, Macaque, and Orangutan",Summer Course by the Graduate School of Universitas Gadjah Mada in collaboration with One Health ...,Sekolah Pascasarjana,Sekolah Pascasarjana
Biologi Umum,Mata Kuliah BIOLOGI DASAR adalah mata kuliah wajib yang diberikan kepada mahasiswa Klaster Sains....,Fakultas Biologi,Program Sarjana Biologi
English for Biology Class C,The course is prepared for the first year undergraduate students at the Faculty of Biology. This ...,Fakultas Biologi,Program Sarjana Biologi
ENZIMOLOGI,"Matakuliah ini berisikan tentang
fungsi enzim di dalam maupun di luar sel, bahan penyusun enzim,...",Sekolah Pascasarjana,Sekolah Pascasarjana
Evolusi Reguler (1,"Evolusi mempelajari mengenai
perubahan karakter yang diturunkan pada suatu populasi biologi dari...",Fakultas Biologi,Program Sarjana Biologi
Fisiologi Hewan Terapan (4,Mata kuliah pilihan yang membahas tentang teori dan praktik untuk penelitian-penelitian di bidang...,Fakultas Biologi,Program Sarjana Biologi
PIE,"Introduction
 to Livestock Economics course counts as part of the academic requirements of
 the...",Fakultas Peternakan,
Fitopatologi 2020,"This course discusses the history and importance of plant diseases, the concept of plant diseases...",Fakultas Pertanian,
Workshop Elins ELD - TWS,Workshop Elins adalah kuliah dan praktek mengenai tata cara pembuatan PCB (printed Circuit Board)...,Fakultas Matematika dan Ilmu Pengetahuan Alam,
Summer Course on Sustainable Tropical Agriculture 2025,Join Summer Course on Sustainable Tropical Agriculture 2025 : The Journey of Coffee from Seed to ...,Fakultas Pertanian,
Blockchain,"Matakuliah ini memberikan pengetahuan, pemahaman terkait konsep Bloakchain, Materi juga membahas ...",Fakultas Matematika dan Ilmu Pengetahuan Alam,
MATA KULIAH FISIOLOGI TUMBUHAN,Mata Kuliah Fisiologi Tumbuhan (BIB20901) merupakan mata kuliah wajib di Fakultas Biologi UGM. MK...,Fakultas Biologi,Program Sarjana Biologi
Ekologi Serangga 20231 - 3,"SKS : 2 – 1 Konsep ekologi, ekosistem, komunitas populasi, spesies, ras geografis. Karakteristik ...",Fakultas Biologi,Program Sarjana Biologi
Workshop Elins ELC - TWS,Workshop Elins adalah kuliah dan praktek mengenai tata cara pembuatan PCB (printed Circuit Board)...,Fakultas Matematika dan Ilmu Pengetahuan Alam,
Genetika Dasar,"Mata Kuliah ini mempelajari konsep dasar genetika, meliputi bahan genetik, ekspresi gen, struktur...",Fakultas Biologi,Program Sarjana Biologi
Agama Islam 2-2021,Mata Kuliah Agama Islam   II  merupakan mata kuliah yang terkait dengan keyakinan yang melandasi ...,"Fakultas Kedokteran, Kesehatan Masyarakat dan Keperawatan",
Dasar Hematologi- Hematopoiesis dan komponen sel darah,"Mata kuliah ini mempelajari konsep dasar hematologi yang meliputi proses hematopoiesis, struktur ...","Fakultas Kedokteran, Kesehatan Masyarakat dan Keperawatan",
Obstetri 3 - Reversible Contraception,Kursus ini memberikan pemahaman komprehensif mengenai berbagai metode kontrasepsi modern. Materi ...,"Fakultas Kedokteran, Kesehatan Masyarakat dan Keperawatan",
Perencanaan Pembangunan Permukiman (Elective,Mata kuliah pilihan Perencanaan Pembangunan Permukiman (2 sks) adalah mata kuliah yang ditawarkan...,Fakultas Teknik,
Metode Penelitian (MTK dan MTPPI,"This course equips students with the ability to design and develop a rigorous research proposal, ...",Fakultas Teknik,
Animal Production Systems (S2,Animal Production Systems course focuses on the understanding of the complexity of the systems in...,Fakultas Peternakan,
Financial statement analysis,"Dive
into the world of Financial Statement Analysis with this comprehensive
course designed to ...",Sekolah Vokasi,Sekolah Vokasi
Biologi dan Konservasi Satwa Liar - PEKERTI 2026,Mata kuliah Biologi dan Konservasi Satwa Liar memberikan pemahaman mengenai keanekaragaman satwa ...,Fakultas Kedokteran Hewan,
Parasitologi Hewan Eksotik dan Satwa Liar - PEKERTI 2026,Mata kuliah ini mempelajari berbagai parasit yang menginfeksi dan menginfestasi hewan eksotik dan...,Fakultas Kedokteran Hewan,
Veterinary Clinical Pathology - International Undergraduate Program,The Veterinary Clinical Pathology IUP course is a compulsory subject at the Faculty of Veterinary...,Fakultas Kedokteran Hewan,
Pelatihan Juru Sembelih Halal Berbasis Kompetensi SKKNI No. 196 Tahun 2014,Pelatihan bagi mahasiswa dan atau  masyarakat yang ingin memiliki kompetensi Juru Sembelih Halal ...,Fakultas Kedokteran Hewan,
KEPANITERAAN ILMU PENYAKIT MULUT 2026,"Kegiatan Kepaniteraan Oral Medicine atau Ilmu Penyakit Mulut meliputi
 pendidikan, pelatihan dan...",Fakultas Kedokteran Gigi,Program Profesi Kedokteran Gigi
Dasar - Dasar Terapi Bedah Periodontal,Bedah Dasar Periodonsia merupakan salah satu mata kuliah di program studi pendidikan dokter gigi ...,Fakultas Kedokteran Gigi,Program Studi Spesialis Periodonsia
Kepaniteraan Periodonsia Klinik FKG UGM,"Mata
kuliah periodonsia klinik merupakah Mata Kuliah wajib di program studi profesi
dokter gigi...",Fakultas Kedokteran Gigi,Program Profesi Kedokteran Gigi
The 1st Gadjah Mada Veterinary Medicine International Summer Course: GUARDIANS OF FOREST WILDLIFE,"The 1st Gadjah Mada Veterinary Medicine International Summer Course, titled “Guardians of Forest ...",Fakultas Kedokteran Hewan,
Bahasa Ibrani,"Mata kuliah
pilihan program studi yang bertujuan untuk memberikan pengetahuan menyangkut
bahasa...",Fakultas Ilmu Budaya,
IUPiCs - Human and Cultural Communications,This course is one of the basic courses in the study program. This course aims to equip students ...,Fakultas Ilmu Sosial dan Politik,Departemen Ilmu Komunikasi (DIKOM) - IUP
STRUKTUR DAN PERKEMBANGAN HEWAN,"Mata kuliah Struktur dan Perkembangan Hewan memberikan pemahaman tentang pola dan simetri tubuh, ...",Fakultas Biologi,Program Sarjana Biologi
PRAKTIKUM BIOLOGI UMUM,Praktikum Biologi Umum merupakan mata kuliah wajib yang memiliki bobot 1 SKS. Praktikum ini wajib...,Fakultas Biologi,Program Sarjana Biologi
Hukum Ekonomi Internasional,"Mata Kuliah Hukum Ekonomi Internasional diajarkan kepada mahasiswa
fakultas hukum program Strata...",Fakultas Hukum,International Undergraduate Program
Mikrobiologi Industri (6,"Mikrobiologi Industri adalah mata kuliah pilihan
yang mempelajari prinsip dasar-dasar fermentasi...",Fakultas Biologi,Program Sarjana Biologi
GEL 3210 Pengelolaan DAS,Matakuliah Pengelolaan DAS (GEL 3210) merupakan matakuliah pilihan bagi mahasiswa semester lanjut...,Fakultas Geografi,
Ujian Kenaikan Tingkat Spesialis Penyakit Mulut,Course ini merupakan course yang dibuat untuk mempersiapkan kenaikan tingkat para residen Program...,Fakultas Kedokteran Gigi,Program Spesialis Penyakit Mulut
Conflict of Laws,"The course of Conflict
of Laws (COL) is an obligatory course. 
The course is delivered in fifth...",Fakultas Hukum,International Undergraduate Program
Etika Pancasila,"Etika Pancasila merupakan kajian ilmiah dalam bidang moralitas terkait dengan Pancasila, menguji ...",Fakultas Filsafat,
Citizenship Education,Citizenship education is designed as a subject of study that can develop the student’s capability...,Fakultas Filsafat,
Bioetika,Bioetika adalah mata kuliah pilihan yang dapat diambil oleh mahasiswa setelah menyelesaikan mata ...,Fakultas Filsafat,
BIMBINGAN PENELITIAN DAN PUBLIKASI,"Ruang  ini digunakan untuk mengelola dan memberikan  informasi  terkait perencanaan, pengelolaan,...",Fakultas Filsafat,
BAHASA INGGRIS FILSAFAT,WELCOME TO THIS COURSE! Mata  kuliah  Bahasa  Inggris  Filsafat  adalah mata kuliah yang memberi ...,Fakultas Filsafat,
FILSAFAT DAN LOGIKA,Matakuliah Filsafat dan Logika yang diberikan akan memperkenalkan pemikiran filsafat  secara umum...,Fakultas Filsafat,
Budaya Indonesia,Mata Kuliah Kebudayaan Indonesia merupakan mata kuliah yang harus diambil oleh mahasiswa filsafat...,Fakultas Filsafat,
Intermediate Accounting II,Intermediate Accounting II builds on Intermediate Accounting I and develops students’ ability to ...,Fakultas Ekonomika dan Bisnis,S1 IUP - Semester Gasal 2026/2027
Praktikum Struktur dan Biologi Fungsional Hewan (4,Praktikum untuk mahasiswa Pascarsarjana S2 Fakultas Biologi UGM. Struktur dan Biologi Fungsional ...,Fakultas Biologi,Program Magister Biologi
MKLD Rekayasa Protein Farmasetik 2025/2026,"Mata kuliah ini membahas tentang pengembangan produk protein sebagai obat makromolekul
(protein ...",Fakultas Farmasi,
Drug Delivery Systems - Undergraduate 2026,"Mata kuliah Sistem Penghantaran Obat secara umum
membahas aspek-aspek dalam proses penghantaran ...",Fakultas Farmasi,
Teknik Penggudangan 2026,Are you ready to dive into the world of warehouse management and take control of logistics like a...,Sekolah Vokasi,Sekolah Vokasi
Keterampilan Berbahasa Jepang,Mata kuliah ini merupakan mata kuliah wajib bagi siswa semester III yang telah mendapatkan materi...,Sekolah Vokasi,Sekolah Vokasi
English for Biology,This course is designed for first-year undergraduate students of the Faculty of Biology. It is a ...,Fakultas Biologi,Program Sarjana Biologi
Animal Structure and Development,The Animal Structure and Development course provides an understanding of body patterns and symmet...,Fakultas Biologi,IUP Biology
Animal Physiology (3,Animal physiology is biological sub-discipline that tries to understand how animals function in ...,Fakultas Biologi,IUP Biology
Big Data Analytics - Pascasarjana,"Mata kuliah Big Data Analytic membahas
definisi, karakteristik, dan pemanfaatan big data dalam ...",Sekolah Pascasarjana,Sekolah Pascasarjana
Alat dan Mesin Pengolahan,"Membahas tentang spesifikasi dan prinsip
kerja peralatan dan mesin pengolahan untuk pangan dan ...",Fakultas Teknologi Pertanian,
Farmakologi II_Gasal.2026/2027,"Farmakologi II berisi pembahasan mengenai interaksi obat dan reseptor sebagai target aksi obat, ...",Fakultas Farmasi,
Virologi dan Ilmu Penyakit Viral Veteriner-Pekerti 2026,"Mata kuliah ini mempelajari tentang virus dan perbedaannya dengan mikroorganisme lain, struktur ...",Fakultas Kedokteran Hewan,
One Health Summer Course #2: “Transdisciplinary One Health Approaches to Emerging and Re-Emerging Diseases: Strengthening Integrated Surveillance Systems”,This One Health Summer Course explores transdisciplinary approaches to emerging and re-emerging ...,"Fakultas Kedokteran, Kesehatan Masyarakat dan Keperawatan",
Sosioentrepreneurship Veteriner [Pekerti Batch 3],Mata kuliah sosio- entrepreneurship veteriner adalah mata kuliah pilihan di Fakultas Kedokteran ...,Fakultas Kedokteran Hewan,
KEPANITERAAN ILMU PENYAKIT MULUT 2025 - 2026,"Kegiatan Kepaniteraan Oral Medicine atau Ilmu Penyakit Mulut meliputi pendidikan, pelatihan dan ...",Fakultas Kedokteran Gigi,Program Profesi Kedokteran Gigi
Ekonomi Politik Digital dan Inovasi Disruptif 2025,"Mata kuliah ini merupakan mata kuliah wajib bagi mahasiswa Program Studi S2 Ketahanan Nasional, ...",Sekolah Pascasarjana,Sekolah Pascasarjana
Mathematics (IUP,"Course contents: Real number systems: properties of real numbers, coordinate systems, relations ...",Fakultas Biologi,IUP Biology
Sistematika Mikrobia (2) B,Sistematika Mikrobia merupakan ilmu yang mempelajari keanekaragaman mikrobia dan hubungan antar ...,Fakultas Biologi,Program Sarjana Biologi
Genetika Manusia,"Mata Kuliah ini memberikan kemampuan pada mahasiswa, baik verbal maupun tulisan, untuk memahami ...",Fakultas Biologi,Program Sarjana Biologi
"Analisis dan Pemodelan Citra Digital (S2 Penginderaan Jauh, Fak. Geografi",MOOC ini dibuat untuk mendukung perkuliahan daring bagi mahasiswa S2 Penginderaan Jauh Fakultas ...,Fakultas Geografi,
[PEKERTI 2026] Keperawatan Medikal Bedah (KMB) Lanjut III,Keperawatan Medikal Bedah Lanjut 3 merupakan mata kuliah wajib yang berfokus pada integrasi dan ...,"Fakultas Kedokteran, Kesehatan Masyarakat dan Keperawatan",
Matematika (Mathematics) - IUP,"Course contents: Real number systems: properties of real numbers, coordinate systems, relations ...",Fakultas Biologi,IUP Biology
Anatomi Tumbuhan,"Mata kuliah ini mempelajari struktur mikroskopis sel, jaringan, dan organ tumbuhan Angiospermae ...",Fakultas Biologi,Program Sarjana Biologi
Paleontologi Reguler,"Matakuliah ini mempelajari beberapa disiplin ilmu, seperti geologi, anatomi hewan dan
manusia, ...",Fakultas Biologi,Program Sarjana Biologi
Bahasa Bali S1 FAKULTAS ILMU BUDAYA,Mata kuliah Bahasa Bali merupakan mata kuliah pilihan di Prodi Sastra Jawa Fakultas Ilmu Budaya ...,Fakultas Ilmu Budaya,
Introduction to Cellular and Molecular Biotechnology - PEKERTI 2026,"This course introduces the fundamental principles of
cellular and molecular biotechnology with ...",Fakultas Kedokteran Hewan,
Strategi Mitigasi dan Adaptasi Perubahan Iklim,"Modul
terbuka daring kredensial mikro “Strategi Mitigasi dan Adaptasi Perubahan
Iklim” adalah ...",Fakultas Kehutanan,
Praktikum Algoritma dan Struktur Data CSB,"●This course serves as a complement to the Algorithm and Data Structures course, with a primary ...",Fakultas Matematika dan Ilmu Pengetahuan Alam,
Agama dan Budaya FIR 4401,"Mata K uliah A gama
dan B udaya
merupakan salah satu mata kuliah dalam fokus studi religi dan ...",Fakultas Filsafat,
Praktikum Algoritma dan Struktur Data KOM C,"●This course serves as a complement to the Algorithm and Data Structures course, with a primary ...",Fakultas Matematika dan Ilmu Pengetahuan Alam,
Analisis masalah,"Modul ini membahas konsep, metode, dan teknik dalam mengidentifikasi potensi permasalahan pada ...",Fakultas Teknik,
Ilmu Sosial Perilaku Farmasi 2026,"Ilmu Sosial dan Perilaku Farmasi membicarakan pokok bahasan mencakup konsep, metode, dan teori ...",Fakultas Farmasi,
ETIKA (FIF 201212,Matakuliah ini ditujukan pada mahasiswa minimal semester 2. Membahas mengenai pemeriksaan yang ...,Fakultas Filsafat,
Struktur dan Perkembangan Tumbuhan (5,"Matakuliah ini mempelajari teori dan konsep terkait dengan struktur dan perkembangan tumbuhan, ...",Fakultas Biologi,Program Sarjana Biologi
Kimia Minyak Atsiri,Mata kuliah Kimia Minyak Atsiri menjelaskan aspek-aspek minyak atsiri yang penting dan menarik ...,Fakultas Matematika dan Ilmu Pengetahuan Alam,
Biologi Hutan A Gasal 2024/2025,Mata Kuliah Biologi Hutan (KTU22102) merupakan mata kuliah wajib mahasiswa Fakultas Kehutanan. ...,Fakultas Kehutanan,
Profil Sensoris - PEKERTI 2024,Mata kuliah Profil Sensoris memberikan pemahaman menyeluruh tentang karakteristik sensorik dan ...,Fakultas Teknologi Pertanian,
Praktikum Kultur Sel In Vitro Hewan (1,Praktikum Kultur Sel In Vitro Hewan (BIMB202241) Laboratorium Fisiologi Hewan Fakultas Biologi ...,Fakultas Biologi,Program Magister Biologi
Civil Procedural Law,"This course offers topics that relate with
disputes that may arise in people’ daily life. Law ...",Fakultas Hukum,International Undergraduate Program
Sistematika Hewan Reguler,"Animal
Systematics is a compulsory course on animal diversity, especially in
Indonesia. This ...",Fakultas Biologi,Program Sarjana Biologi
"Bedah Periodontal Rekonstruksi, Plastik & Estetik","course ini berisikan materi Bedah Periodontal Rekonstruksi, Plastik & Estetik yang diampu oleh ...",Fakultas Kedokteran Gigi,Program Studi Spesialis Periodonsia
Jaringan Komputer 1 - TRI BB - 2025,"Kuliah Jaringan Komputer 1 - Angkatan 2025 kelas BB Program Studi Teknologi Rekayasa Internet, ...",Sekolah Vokasi,Sekolah Vokasi
[PEKERTI 2026] Parasitologi Kedokteran,Kursus ini menyajikan materi edukasi medis mengenai berbagai jenis parasit penyebab gatal pada ...,"Fakultas Kedokteran, Kesehatan Masyarakat dan Keperawatan",
PEKERTI (Pemeriksaan Okuloplasti,"Setelah mengikuti kursus ini, peseta dirapkan mampu melakukan pemeriksaan  kelopak mata secara ...","Fakultas Kedokteran, Kesehatan Masyarakat dan Keperawatan",
[Pekerti 2026] Keratitis Infeksius: Panduan Triase Diagnostik,Selamat datang pada kuliah Penyakit Mata Luar (Infeksi dan Imunologi) . Mata kuliah ini diampu ...,"Fakultas Kedokteran, Kesehatan Masyarakat dan Keperawatan",
Virologi (8,Virologi merupakan matakuliah pilihan Program Sarjana di Fakultas Biologi UGM yang mempelajari ...,Fakultas Biologi,Program Sarjana Biologi
Architecture and Technology Big Data,This course introduces the technologies and algorithms used to process and analyze large-scale ...,Fakultas Matematika dan Ilmu Pengetahuan Alam,
Ekologi Bentanglahan,"Landscape ecology is best distinguished by its
focus on: 1) spatial heterogeneity, 2) broader ...",Fakultas Geografi,
Contract Law (IUP,This course is a combination of  knowledge on the theory of contract law and skill of contract ...,Fakultas Hukum,International Undergraduate Program
[PEKERTI] Aljabar Linear Elementer 2026,"Mata kuliah Aljabar Linear Elementer merupakan mata
kuliah wajib yang ditempuh oleh mahasiswa ...",Fakultas Matematika dan Ilmu Pengetahuan Alam,
Architecture and Technology Big Data - ILKOM,This course introduces the technologies and algorithms used to process and analyze large-scale ...,Fakultas Matematika dan Ilmu Pengetahuan Alam,
English for Academic Purposes (Agriculture,English for Academic Purposes (EAP) course provides language instruction for academic study in ...,Fakultas Pertanian,
Bahan Pakan & Formulasi Ransum,Mata kuliah Bahan Pakan dan Formulasi Ransum (BPFR) merupakan mata kuliah wajib yang mendasari ...,Fakultas Peternakan,
Praktikum Statistika MPP41 2024/2025 Gasal,"Mata
kuliah ini merupakan aplikasi lanjut dari teori yang telah didapatkan pada mata
kuliah ...",Sekolah Vokasi,Sekolah Vokasi
Pengembangan Pusat Data (Data Center Developmet,Mata kuliah ini memberikan pengetahuan landscape Data Center pada infrastruktur menjadi fokus ...,Fakultas Matematika dan Ilmu Pengetahuan Alam,
Dasar-Dasar Konservasi Sumber Daya Hutan Sem 1 2020,Matakuliah ini memberikan dasar pengetahuan tentang konservasi sumberdaya hutan yang mencakup ...,Fakultas Kehutanan,
Anatomi dan Identifikasi Kayu,"Mata kuliah yang berisi tentang struktur kayu, anatomi dan penggunaannya untuk identifikasi kayu.",Fakultas Kehutanan,
Pakan Fungsional,Mata kuliah ini membahas peran dan aplikasi pakan fungsional dalam meningkatkan kesehatan dan ...,Fakultas Peternakan,
Struktur dan Fungsi Serangga [ fisiologi serangga ],"Matakuliah ini mempelajari proses fisiologi dan pengelolaan biologi serangga, termasuk sistem ...",Fakultas Biologi,Program Sarjana Biologi
[GameHerbal] Training Bersertifikat via App - Official App.,Aplikasi Game Training BerSERTIFIKAT Latihan soal training bersertifikat yang dikemas menjadi ...,"Fakultas Kedokteran, Kesehatan Masyarakat dan Keperawatan",
Ekologi Perairan Gasal 2024/2025,Mata Kuliah Ekologi Perairan adalah mata kuliah pilihan untuk mahasiwa Fakultas Kehutanan UGM ...,Fakultas Kehutanan,
HAMA PENYAKIT HUTAN TROPIS,"Mata kuliah ""Hama dan Penyakit Hutan Tropis""  membahas konsep dasar tentang hama dan penyakit ...",Fakultas Kehutanan,
EGPP _ TPHP 212107,"Mata kuliah ini mempelajari tentang perubahan zat gizi (karbohidrat, lemak, protein, vitamin, ...",Fakultas Teknologi Pertanian,
Ekofisiologi Hewan (7,Ekofisiologi hewan merupakan mata kuliah yang menggabungkan fisiologi hewan dan ekologi. Mata ...,Fakultas Biologi,Program Sarjana Biologi
Struktur dan Produk Jaringan Sekretori Tumbuhan,"Struktur dan produk sekretori
tumbuhan merupakan mata kuliah yang mempelajari berbagai macam ...",Fakultas Biologi,Program Sarjana Biologi
[PEKERTI] Comprehensive Assesment and Diagnostic Tool in Glaucoma,Kelas ini mengajarkan penggunaan beberapa modalitas untuk pemeriksaan glaukoma. Beberapa yang ...,"Fakultas Kedokteran, Kesehatan Masyarakat dan Keperawatan",
Praktikum Imunobiologi (8,"Praktikum Imunobiologi (BISB211528) bertujuan meningkatkan
pemahaman praktik mahasiswa dalam ...",Fakultas Biologi,Program Sarjana Biologi
Basis Data - Manajemen Informasi Kesehatan,Learning Management System untuk mendukung Mata Kuliah Basis Data di Program Studi Manajemen ...,Sekolah Vokasi,Sekolah Vokasi
Praktikum Imunologi Seluler dan Molekuler (0,Praktikum Imunologi Seluler dan Molekuler (BIMB202110) Laboratorium Fisiologi Hewan Fakultas ...,Fakultas Biologi,Program Magister Biologi
Kimia Farmasi Dasar 2026,Mata Kuliah Kimia Farmasi Dasar : berisi bahasan tentang teori dasar Ilmu Kimia Farmasi yang ...,Fakultas Farmasi,
Animal Systematics IUP,"Animal Systematics is a compulsory course on animal diversity, especially in Indonesia. This ...",Fakultas Biologi,IUP Biology
Herpetologi,"Herpetologi mempelajari tentang hewan-hewan yang termasuk dalam Kelas Amphibia dan
Reptilia ...",Fakultas Biologi,Program Sarjana Biologi
Kuliah Endokrinologi (9,"Mata kuliah ini mempelajari sejarah singkat endokrinologi, metode endokrinologi, klasifikasi ...",Fakultas Biologi,Program Sarjana Biologi
Biosistematika Hewan,"Mata Kuliah ini mempelajari tentang sejarah
biosistematik hewan, perkembangan biosistematik ...",Fakultas Biologi,Program Magister Biologi
Blok Mental Health TA 2025-2026,Blok mental health adalah blok pertama yang diberikan pada mahasiswa semester keempat (tahun ...,"Fakultas Kedokteran, Kesehatan Masyarakat dan Keperawatan",
Antropologi Teknologi,"Kuliah ini didisain untuk memberikan gambaran
tentang hubungan antara fenomena perkembangan ...",Fakultas Ilmu Budaya,
Arkeologi Industri,"Pengetahuan tentang ragam tinggalan industri di
Indonesia dalam kajian arkeologis, meliputi ...",Fakultas Ilmu Budaya,
5 Statistika Geospasial,"Mata kuliah Statistika Geospasial (GEKP222125), Program Studi S1 Kartografi dan Penginderaan ...",Fakultas Geografi,
GEO 3001 Kewirausahaan,"Mata
kuliah ini akan mengajarkan kepada mahasiswa dasar-dasar kewirausahaan dan
memberikan ...",Fakultas Geografi,
PEKERTI - PATOLOGI KLINIK VETERINER,Mata kuliah ini diselenggarakan untuk membekali mahasiswa dengan materi Hematologi dan Kimia ...,Fakultas Kedokteran Hewan,
Praktik IoT,"Praktik pembuatan IoT mempelajari
tentang ketrampilan untuk memahami konsep kesisteman IoT, ...",Sekolah Vokasi,Sekolah Vokasi
Biologi Sel dan Molekuler (BSM) Magister,"Matakuliah ini menjelaskan tentang evolusi sel, konsep dasar sel, baik sel prokariota maupun ...",Fakultas Biologi,Program Magister Biologi
Agama Islam Kontekstual,"Mata Kuliah Agama
Islam Kontekstual adalah mata kuliah wajib kategori Mata
Kuliah Perilaku ...",Fakultas Filsafat,
Bahasa Arab Amiyyah اللهجة العامية,هل ترغب في اكتشاف أسرار اللغة العربية واللهجات السعودية؟ تقدم لك هذه المادة فرصة فريدة لتعلم ...,Sekolah Vokasi,Sekolah Vokasi
Ushul Fiqh,"Curious how Islamic law is understood, explained, and applied? Join Usul Fiqh to explore the ...",Sekolah Vokasi,Sekolah Vokasi
Geohidrologi,"Mata Kuliah Geohidrologi (GEL
2206) adalah mata kuliah lanjutan dari hidrologi dasar. Mata ...",Fakultas Geografi,
Ekonomi Pembangunan Pedesaan,"Deskripsi Mata Kuliah : Tujuan dari mata kuliah ini adalah untuk mendiskusikan
teori-teori ...",Fakultas Peternakan,
PIONIR KESATRIA 2026,Selamat datang Para Kesatria Muda ! Kami sangat senang menyambut kalian sebagai bagian dari ...,Fakultas Teknik,
FISIOLOGI TUMBUHAN,"Fisiologi Tumbuhan merupakan mata kuliah yang
diwajibkan bagi mahasiswa Fakultas Pertanian ...",Fakultas Pertanian,
Filsafat Barat Pra,"Mata
kuliah ini  memberi dasar bagi mahasiswa
Fakultas Filsafat untuk mengenal para tokoh ...",Fakultas Filsafat,
Penyakit Vitreoretina,"Mata
kuliah/topik ini membekali mahasiswa pengetahuan dan keterampilan klinis dasar
untuk ...","Fakultas Kedokteran, Kesehatan Masyarakat dan Keperawatan",
Praktikum Endokrinologi (9,Praktikum Endokrinogi (BISB211529) bertujuan meningkatkan pemahaman praktik mahasiswa dalam ...,Fakultas Biologi,Program Sarjana Biologi
Penerapan Geographic Information Systems (GIS) dalam Investigasi Epidemiologi Veteriner - Pekerti 2026,Mata kuliah ini memperkenalkan prinsip dan aplikasi epidemiologi veteriner serta penggunaan ...,Fakultas Kedokteran Hewan,
Keuangan Syariah,"Mata kuliah Keuangan Syariah merupakan mata kuliah
pilihan konsentrasi bagi mahasiswa yang ...",Sekolah Pascasarjana,Sekolah Pascasarjana
GEL 3107 Manajemen Bencana TA 2022/2023,Kuliah Manajemen Bencana merupakan salah satu kuliah yang muncul akibat perkembangan isu di ...,Fakultas Geografi,
Biometrika Sumberdaya Hutan,Kelas virtual mata kuliah Biometrika SDH - Kelas D ini dimaksudkan untuk memberikan peluang ...,Fakultas Kehutanan,
Praktikum TTCK Genap 2024/2025 4,Praktikum Teknik Tata Cara Kerja merupakan praktikum wajib dimana praktikan dapat melakukan ...,Fakultas Teknologi Pertanian,
Praktikum Fisiologi Hewan S1 (3,Fisiologi hewan merupakan cabang ilmu biologi yang sangat penting dalam mempelajari fungsi ...,Fakultas Biologi,Program Sarjana Biologi
Kuliah Fisiologi Hewan (3,Fisiologi hewan merupakan cabang ilmu biologi yang sangat penting dalam mempelajari fungsi ...,Fakultas Biologi,Program Sarjana Biologi
Praktikum Dasar Komunikasi Bisnis dan Inovasi 2026,Tujuan dilakukannya praktikum Dasar Komunikasi Bisnis dan Inovasi adalah untuk : Mahasiswa ...,Fakultas Peternakan,
Evolution IUP (1,"This course is
learning about changes in heritable characters in a biological population. ...",Fakultas Biologi,IUP Biology
Pekerti - Reproduksi Hewan 101,"Mata kuliah ini mempelajari tentang dasar-dasar reproduksi hewan secara umum, dimulai dari ...",Fakultas Kedokteran Hewan,
FEMINISME,"Mata kuliah
ini merupakan salah satu matakuliah pilihan dalam Fokus Studi Filsafat Sosial ...",Fakultas Filsafat,
Bridging Course,Bridging Course ini bertujuan untuk menyiapkan peserta agar siap belajar sebagai mahasiswa ...,Fakultas Psikologi,Continuing Education Program (CEP)
Pengelolaan Limbah B3 2025 copy 1,Pengelolaan limbah B3 adalah salah satu mata kuliah minat kimia lingkungan. Mahasiswa akan ...,Fakultas Matematika dan Ilmu Pengetahuan Alam,
2023-2024 Genap Ekosistem Pertanian,Mata kuliah Ekosistem Pertanian merupakan mata kuliah wajib bagi mahasiswa Pertanian tahun ...,Fakultas Pertanian,
Banking Technology and Financial Services,"Welcome to the exciting
world of Fintech! In this course, we’ll explore how technology is ...",Sekolah Vokasi,Sekolah Vokasi
Pengelolaan Limbah B3 2026,Pengelolaan limbah B3 adalah salah satu mata kuliah minat kimia lingkungan. Mahasiswa akan ...,Fakultas Matematika dan Ilmu Pengetahuan Alam,
Sejarah Pemikiran,Deskripsi Matakuliah Mata kuliah Sejarah Pemikiran Tujuan Pembelajaran 1. Mengetahui 2. Mampu,Sekolah Pascasarjana,Sekolah Pascasarjana
UAS Fisiologi Lingkungan Ani 2025,Selamat datang di UAS MK Fisiologi Lingkungan Bagian Ani Widiastuti Tahun 2025. Terima kasih.,Fakultas Pertanian,
2026 Dasar Prosedur Klinis Kedokteran Gigi,"Topik” Dasar Prosedur
Klinis Kedokteran Gigi ” merupakan pengantar dasar untuk menuju ke ...",Fakultas Kedokteran Gigi,Program Profesi Kedokteran Gigi
Pekerti,Bahasa: Kursus ini membahas peran perikanan dalam ketahanan pangan global dan pengentasan ...,Fakultas Kedokteran Hewan,
Sintaksis Arab; Pengantar Ilmu Bahasa dan Sastra Arab,Mata kuliah wajib departemen yang bertujuan untuk memberikan pengetahuan mengenai sejarah ...,Fakultas Ilmu Budaya,
Teknik dan Tatacara Diagnostik Foto Rontgen,"Modul ini memberikan panduan tentang teknik radiografis yang mendukung
proses diagnostik ...",Fakultas Kedokteran Hewan,
English for Biology Class C 2025,"This course, ""English for Biology,"" is designed to enhance the English language skills of ...",Fakultas Biologi,Program Sarjana Biologi
Fisiologi Mikrobia (5,"Fisiologi Mikrobia adalah mata
kuliah pilihan yang mempelajari fungsi sel mikroba secara ...",Fakultas Biologi,Program Sarjana Biologi
Penulisan Ilmiah Genap 2026,Mata kuliah mempelajari arti penting melakukan publikasi ilmiah di jurnal bereputasi baik ...,Fakultas Pertanian,
PRAKTEK KLINIK LAPANGAN KOAS,"Praktek Klinik Lapangan merupakan mata kuliah yang memberikan
pengalaman langsung kepada ...",Fakultas Kedokteran Gigi,Program Profesi Kedokteran Gigi
STRATEGI INOVASI KREATIF,"Mata kuliah ini merupakan mata kuliah yang dikhususkan pada pengenalan, dan pendampingan ...",Fakultas Kehutanan,
"BLOK PRINSIP KEHIDUPAN, KOMUNIKASI DAN FUNGSI SOSIAL","DESKRIPSI
BLOK PRINSIP KEHIDUPAN, KOMUNIKASI, DAN FUNGSI SOSIAL Blok Prinsip
Kehidupan,...","Fakultas Kedokteran, Kesehatan Masyarakat dan Keperawatan",
Immunobiology (8) for IUP,"This course studies natural immunity, immunoglobulin, complement system, immune response ...",Fakultas Biologi,IUP Biology
6 - Bioinformatika (S1,"Dosen Pengampu: Dra. Tuty Arisuryanti, M.Sc., Ph.D. Dr. Tri Rini Nuringtyas, M.Sc. Lisna ...",Fakultas Biologi,Program Sarjana Biologi
Agrostatistika - S1 Fakultas Pertanian UGM,"Mata
kuliah ini membahas mengenai konsep tentang bagaimana merancang suatu
eksperimen, ...",Fakultas Pertanian,
Pencemaran Lingkungan Laut,"Di mata kuliah ini,  Anda akan belajar untuk memahami konsep Pencemaran Lingkungan Laut, ...",Fakultas Biologi,Program Sarjana Biologi
Kuliah Imunobiologi (8,"Mata kuliah ini mempelajari: imunitas alami, imunogenitas & antigen, imunoglobin, sistem ...",Fakultas Biologi,Program Sarjana Biologi
Praktikum Rekayasa Genetika & Bioteknologi S2,"Praktikum ini mempelajari tentang proses rekayasa genetika pada tumbuhan, hewan dan mikrobia",Fakultas Biologi,Program Magister Biologi
[PEKERTI] Teknik Budidaya Massa Hayati Terintegrasi,Modul ini merupakan penutup dari rangkaian mata kuliah Teknik Budidaya Massa Hayati yang ...,Fakultas Teknologi Pertanian,
EKOFISIOLOGI TUMBUHAN WI UMI,Mata Kuliah Ekofistum wajib bagi mahasiswa yang akan mengambil Skripsi di bidang Biologi ...,Fakultas Biologi,Program Sarjana Biologi
Analisis Data Geospasial Kehutanan dan Lingkungan,"Mata kuliah ini mempelajari
tentang konsep dan integrasi penggunaan data digital sistem ...",Fakultas Kehutanan,
Statistika (Kurikulum 2016,Statistika merupakan mata kuliah wajib fakultas dan sangat menunjang untuk pengembangan ...,Fakultas Peternakan,
Praktikum Manajemen Konflik untuk Mahasiswa S1 Pendidikan Kedokteran [Blok Longitudinal Leadership],Praktikum Manajemen Konflik untuk Mahasiswa S1 Pendidikan Kedokteran [Blok Longitudinal ...,"Fakultas Kedokteran, Kesehatan Masyarakat dan Keperawatan",
Arkeologi Asia Selatan,"Pengetahuan tentang tentang ragam tinggalan
arkeologi di wilayah Asia Selatan ( India, ...",Fakultas Ilmu Budaya,
Pekerti - Patologi Umum (2,"General pathology is a broad and complex scientific
field that helps to understand the ...",Fakultas Kedokteran Hewan,
AXIOLOGY (Septiana,"Mata kuliah Aksiologi (Filsafat Nilai)
adalah mata kuliah wajib fakultas. Tujuan utama ...",Fakultas Filsafat,
ELIMINATION AND SKIN/TISSUE INTEGRITY 2026,"Blok mempunyai
beberapa topik utama yaitu tentang eliminasi baik fekal maupun urinari ...","Fakultas Kedokteran, Kesehatan Masyarakat dan Keperawatan",
Financial Management Practicum,"Welcome to the engine
room of the financial world. In this practicum, we move beyond ...",Sekolah Vokasi,Sekolah Vokasi
Etika Politik,"Matakuliah Etika
  Politik ini merupakan  salah satu
  matakuliah pilihan yang dapat...",Fakultas Filsafat,
Civil Law,This course will provide the basic concept and foundation of civil law by elaborating ...,Fakultas Hukum,International Undergraduate Program
Praktikum Hewan Model dan Bioetik S2 (4,Kegiatan praktikum memuat topik-topik dasar yang bersifat praktis sehingga memudahkan ...,Fakultas Biologi,Program Magister Biologi
Praktikum Statistika MPP42 2024/2025 Gasal,Mata kuliah ini merupakan aplikasi lanjut dari teori yang telah didapatkan pada mata ...,Sekolah Vokasi,Sekolah Vokasi
Balaghah wa Dalalah,"Mata kuliah pilihan
program studi yang memberikan pengetahuan menyangkut pengertian ...",Fakultas Ilmu Budaya,
Teknik Kultur Jaringan Tumbuhan,"Matakuliah Teknik Kultur Jaringan Tumbuhan menjelaskan prinsip
  dasar dan sejarah ...",Fakultas Biologi,Program Sarjana Biologi
English For Biology IUP (1,"English for Biology (BISB211101) IUP Class Faculty of Biology, Universitas Gadjah Mada",Fakultas Biologi,IUP Biology
Praktik PIK & PWG 2025,Praktik Pengantar Ilmu Kehutanan dan Pembelajaran Wanagama Fakultas Kehutanan UGM 2025,Fakultas Kehutanan,
Ujian online UTS Genetika Dasar - 2026,Matakuliah Genetika Dasar merupakan matakuliah dasar dan wajib ditempuh oleh semua ...,Fakultas Peternakan,
Antropologi Agama,"Kuliah Antropologi Agama bertujuan
  memperkenalkan teori-teori dan konsep kunci ...",Fakultas Ilmu Budaya,
4 Praktikum Fotogrametri dan Fotografi Udara,Selamat Datang pada Mata Kuliah Praktikum Praktikum Fotogrametri dan Fotografi Udara,Fakultas Geografi,
Technique in In Vitro Culture (Practice,This course is about practice of in vitro culture especially on plant and micro-alga,Fakultas Biologi,Program Magister Biologi
Botani Ekonomi,Kode    : BISB211411 SKS       : 2 – 1 Matakuliah Botani Ekonomi diadakan dalam ...,Fakultas Biologi,Program Sarjana Biologi
Gerak Bola Mata dan Dasar Strabismus,"Pembelajaran fisiologi, anatomi, inervasi gerak bola mata serta dasar strabismus","Fakultas Kedokteran, Kesehatan Masyarakat dan Keperawatan",
Anatomi Terapan/Applied Veterinary Anatomy,"The course is teaching on: 1. External
  veterinary anatomy and anatomical ...",Fakultas Kedokteran Hewan,
Laporan Bacaan 2025,Ini adalah kursus khusus laporan bacaan pengganti Ko-Kurikuller BAL dan BAT 1,Fakultas Ilmu Budaya,
Biotek Fitoaleksin dan Resistensi,Selamat Datang di MK S2 Fitoaleksin dan Resistensi Prodi Bioteknologi UGM,Fakultas Pertanian,
Anatomi dan Histologi - B,Mata kuliah ini mempelajari tentang Anatomi dan Histologi pada ternak.,Fakultas Peternakan,
Anatomi dan Fisiologi,Mata kuliah ini membahas tentang anatomi dan filiologi ternak.,Fakultas Peternakan,
Manajemen Komunikasi dan Informasi Tanggap Darurat,Kuliah Manajemen Komunikasi dan Informasi Tanggap Darurat.,Sekolah Pascasarjana,Sekolah Pascasarjana
"Inovasi, Kepemimpinan dan Literasi Digital Sektor Publik","Inovasi, Kepemimpinan dan Literasi Digital Sektor Publik",Sekolah Pascasarjana,Sekolah Pascasarjana
Kultur Rekayasa Alga,Ini adalah halaman elok untuk Kultur Rekayasa Alga s1,Fakultas Biologi,Program Sarjana Biologi
Genetika Sel,"Mempelajari Genetika Sel tanaman , hewan dan manusia",Fakultas Biologi,Program Sarjana Biologi
BAHASA INDONESIA KOMPOSISI - PAK RUDI,Mata Kuliah ini sebagai mata kuliah MKDU universitas,Fakultas Ilmu Budaya,
Animal Development IUP 2024,This courses is Animal Structure and Development,Fakultas Biologi,IUP Biology
Dummy Kewarganegaraan,Mata kuliah ini terkait Kewarganegaraan.,Fakultas Filsafat,
Matematika [] S1 Biologi,Matematika [MMS1107] S1 Biologi Kelas C,Fakultas Biologi,Program Sarjana Biologi
Bioteknologi Pertanian (Agricultural Biotechnology,Mata kuliah Bioteknologi Pertanian,Fakultas Pertanian,
Geografi Lingkungan,Mata kuliah ini membahas tentang,Fakultas Geografi,
Coba coba tidak meledak,Coba-coba tidak meledak,Fakultas Teknologi Pertanian,
Gastronomi Indonesia,Gastronomi Indonesia,Fakultas Teknologi Pertanian,
Pemanfaatan ClinVar,Pemanfaatan ClinVar,"Fakultas Kedokteran, Kesehatan Masyarakat dan Keperawatan",
BIOMEDICAL IMAGING,BIOMEDICAL IMAGING,Sekolah Pascasarjana,Sekolah Pascasarjana
Geografi Manusia,RPKPS,Fakultas Geografi,
Try Out UKMP2DG Mei 2025,-,Fakultas Kedokteran Gigi,Program Profesi Kedokteran Gigi
Paleontology IUP (3,,Fakultas Biologi,IUP Biology
Enzimologi S2 Bioteknologi 2021,,Sekolah Pascasarjana,Sekolah Pascasarjana
Dasar-dasar Analisis Risiko Multi Bencana,,Sekolah Pascasarjana,Sekolah Pascasarjana
Keamanan Informasi Digital,,Sekolah Pascasarjana,Sekolah Pascasarjana
Kepemimpinan Strategik,,Sekolah Pascasarjana,Sekolah Pascasarjana
Manajemen Hubungan Masyarakat,,Sekolah Pascasarjana,Sekolah Pascasarjana
PIONIR PERMADANI 2026,,Sekolah Vokasi,Sekolah Vokasi
Komunikasi Massa dalam Pembangunan,,Sekolah Pascasarjana,Sekolah Pascasarjana
Magister Bioteknologi - NANOBIOTEKNOLOGI 2022/2023,,Sekolah Pascasarjana,Sekolah Pascasarjana
Matematika (Biologi) 2022/2023,,Fakultas Biologi,IUP Biology
Microbial Physiology (5,,Fakultas Biologi,IUP Biology
Schizophrenia,,"Fakultas Kedokteran, Kesehatan Masyarakat dan Keperawatan",
Sosialisasi PPDS 1 Ilmu Kesehatan Mata FKKMK UGM,,"Fakultas Kedokteran, Kesehatan Masyarakat dan Keperawatan",
[Tugas Pekerti] Model Hewan Coba pada Penelitian Biomedis,,"Fakultas Kedokteran, Kesehatan Masyarakat dan Keperawatan",
TRY OUT UKMP2DG FKG UGM,,Fakultas Kedokteran Gigi,Program Profesi Kedokteran Gigi
Praktikum Stase Kedokteran Gigi Masyarakat dan Pencegahan,,Fakultas Kedokteran Gigi,Program Profesi Kedokteran Gigi
Kompromis Medis,,Fakultas Kedokteran Gigi,Program Spesialis Penyakit Mulut
Ilmu Reseptir dan Farmasi Veteriner - Pekerti 2026,,Fakultas Kedokteran Hewan,
Praktikum Ilmu Penyakit Bakterial dan Mikal,,Fakultas Kedokteran Hewan,
Pharmacotherapy II and Toxicology,,Fakultas Kedokteran Hewan,
Praktikum Mikrobiologi Tanah 2025,,Fakultas Kehutanan,
Praktikum Kesuburan Tanah 2025,,Fakultas Kehutanan,
Pengelolaan Jasa Lingkungan,,Fakultas Kehutanan,
Ilmu Tanah Hutan 2024,,Fakultas Kehutanan,
Identifikasi dan Mikroteknik Kayu,,Fakultas Kehutanan,
ENFORNATION UGM 2024,,Fakultas Kehutanan,
Arkeologi Maritim,,Fakultas Ilmu Budaya,
Arkeologi Prasejarah,,Fakultas Ilmu Budaya,
Bahasa Arab Tulis dan Bahasa Arab Lisan II,,Fakultas Ilmu Budaya,
Praktikum Pemrograman Komputer A1 & A2 2025,,Sekolah Vokasi,Sekolah Vokasi
Praktikum Desain PL 2526,,Sekolah Vokasi,Sekolah Vokasi
ARTHROPODS - SH Klas B/P.Didit,,Fakultas Biologi,Program Sarjana Biologi
Arsitektur Perangkat Lunak AA 2526,,Sekolah Vokasi,Sekolah Vokasi
Implan KG Terpadu,,Fakultas Kedokteran Gigi,Program Studi Spesialis Periodonsia
Data Pasien Residen,,Fakultas Kedokteran Gigi,Program Spesialis Ortodonti
Bahasa Arab Lisan III,,Fakultas Ilmu Budaya,
Bahasa Arab Tulis II,,Fakultas Ilmu Budaya,
Pemuliaan Ikan,,Fakultas Biologi,Program Sarjana Biologi
Medisin Periodontal,,Fakultas Kedokteran Gigi,Program Studi Spesialis Periodonsia
INCULS Lanjut 2 - Membaca 2025,,Fakultas Ilmu Budaya,
TERAPI MULTIDISIPLIN- Periodonsia,,Fakultas Kedokteran Gigi,Program Studi Spesialis Periodonsia
Teori Bahasa dan Otomata,,Fakultas Matematika dan Ilmu Pengetahuan Alam,
Physics,,Fakultas Matematika dan Ilmu Pengetahuan Alam,
Fisika Atom,,Fakultas Matematika dan Ilmu Pengetahuan Alam,
Transformasi Digital - Test course,,Fakultas Biologi,Program Sarjana Biologi
Bioteknologi Hasil Hutan,,Fakultas Kehutanan,
Mock Test ON MIPA bidang Biologi,,Fakultas Biologi,Program Sarjana Biologi
Jaringan Komputer Lanjut - YS 2025-2,,Fakultas Matematika dan Ilmu Pengetahuan Alam,
Genetika Molekular,,Fakultas Biologi,Program Sarjana Biologi
Kuliah Ikhtiologi (9,,Fakultas Biologi,Program Sarjana Biologi
Matematika - YS,,Fakultas Biologi,Program Sarjana Biologi
Matematika - 2022 - YS,,Fakultas Biologi,Program Sarjana Biologi
Mikrobiologi (2,,Fakultas Biologi,Program Sarjana Biologi
DCSE Summer Course 2026 - Empowering Society through AI & Robotics,,Fakultas Matematika dan Ilmu Pengetahuan Alam,
Adat Law Introduction and Selected Issues,,Fakultas Hukum,International Undergraduate Program
Legal Writing and Language IUP,,Fakultas Hukum,International Undergraduate Program
Research Methodology,,Fakultas Hukum,International Undergraduate Program
Tax Law A Semester Genap 2023,,Fakultas Hukum,International Undergraduate Program
Tax Law B Semester Genap 2023,,Fakultas Hukum,International Undergraduate Program
Tax Law A,,Fakultas Hukum,International Undergraduate Program
Metodologi Penelitian - 2025-2 - YS,,Fakultas Matematika dan Ilmu Pengetahuan Alam,
Kapita Selekta Sistem Komputer dan Jaringan,,Fakultas Matematika dan Ilmu Pengetahuan Alam,
Kanji II Semester Genap 2025/2026,,Fakultas Ilmu Budaya,
2026 Membaca dan Menulis II,,Fakultas Ilmu Budaya,
PIONIR GEOSPACE 2025,,Fakultas Geografi,
Penginderaan Jauh,,Fakultas Geografi,
Blok Pengelolaan Lingkungan,,Fakultas Geografi,
4 Kartografi Tematik dan ATLAS,,Fakultas Geografi,
GEL 1401 S1 Ekologi Lingkungan,,Fakultas Geografi,
GEL 3314 Geografi Asia Pasifik,,Fakultas Geografi,
Geografi Perdesaan,,Fakultas Geografi,
Geografi Politik,,Fakultas Geografi,
Bioteknologi Pertanian 2025/2026,,Fakultas Pertanian,
UAS Biokimia 2026,,Fakultas Pertanian,
S2) Genetika Populasi dan Kuantitatif Tanaman,,Fakultas Pertanian,
"S3) Metode Laboratorium, Lapangan, dan Analisis Data",,Fakultas Pertanian,
S3) Perspektif dan Etika dalam Pemuliaan Tanaman,,Fakultas Pertanian,
Biologi Molekuler Farmasi REG Genap 2025/2026,,Fakultas Farmasi,
Stabilitas Produk 2025/2026,,Fakultas Farmasi,
Pharmaceutical Biotechnology Event Semester 2025/2026,,Fakultas Farmasi,
AXIOLOGY (S2,,Fakultas Filsafat,
BAHASA INGGRIS FILSAFAT (AWe,,Fakultas Filsafat,
Etika,,Fakultas Filsafat,
Etika Lingkungan Rachmad Hidayat,,Fakultas Filsafat,
PIONIR GEOSPACE 2026,,Fakultas Geografi,
Botani (102,,Fakultas Pertanian,
English For Academic Purposes 2022 Class B,,Fakultas Pertanian,
Hubungan Masyarakat MBKM,,Fakultas Pertanian,
ILMU USAHA TANI,,Fakultas Pertanian,
Immunolog Ikan,,Fakultas Pertanian,
MANAJEMEN INDUSTRI PETERNAKAN,,Fakultas Peternakan,
Tax Law B,,Fakultas Hukum,International Undergraduate Program
Inculs - TIAS Pemula 2 - 2026,,Fakultas Ilmu Budaya,
Analsis Elektronika 2025-2,,Fakultas Matematika dan Ilmu Pengetahuan Alam,
Matematika Dasar (NYM-MMN,,Fakultas Peternakan,
Matematika,,Fakultas Peternakan,
Pemilihan Mahasiswa Fakultas Peternakan,,Fakultas Peternakan,
User Interfaces and User eXperience Design_2627,,Fakultas Teknik,
Anatomi dan Histologi,,Fakultas Peternakan,
Aneka Ternak Perah PTD 3304,,Fakultas Peternakan,
Animal Behaviour and Welfare,,Fakultas Peternakan,
Engineering Management IUP Ganjil 26/27,,Fakultas Teknik,
Ergonomika eguler Ganjil 26/27,,Fakultas Teknik,
Ergonomics IUP Ganjil 26/27,,Fakultas Teknik,
Molecular Biology IUP Even Semester 2025/2026,,Fakultas Farmasi,
Pemuliaan Tanaman dan Hewan-9,,Fakultas Biologi,Program Magister Biologi
Course copying in progress copy 6,,Fakultas Teknik,
Course copying in progress copy 5,,Fakultas Teknik,
Introduction to Industrial Engineering Ganjil 26/27,,Fakultas Teknik,
Limnologi Magister Biologi,,Fakultas Biologi,Program Magister Biologi
Teknologi Fermentasi (1,,Fakultas Biologi,Program Magister Biologi
Gasal 2026/2027_1_Farmakokinetika_2 sks,,Fakultas Farmasi,
Cognitive Engineering and Neuroscience Ganjil 26/27,,Fakultas Teknik,
Problem Analysis,,Fakultas Teknik,
Perencanaan dan Pemodelan Transportasi,,Fakultas Teknik,
Keselamatan dan Kesehatan Kerja (K3,,Fakultas Teknik,
Engineering for Civilization (KKUP - IUP B,,Fakultas Teknik,
2026 STPAM,,Fakultas Teknik,
Metodologi Penelitian dan Penulisan Ilmiah Genap 25/26,,Fakultas Teknik,
Pengalaman Pengguna & Usabilitas_2526,,Fakultas Teknik,
Biomekanika dan Fisiologi Terapan 2526,,Fakultas Teknik,
Short Course in Agri-Food Sector: Nature X ScienceTech Innovation: Co-Creating Sustainable Agro-Food Industry and Climate Solutions for Resilient Planet,,Fakultas Teknologi Pertanian,
Ekologi Vegetasi TA Gasal 2022/2023,,Fakultas Biologi,Program Magister Biologi
Kuliah Hewan Model dan Bioetik (4,,Fakultas Biologi,Program Magister Biologi
Kuliah Struktur dan Biologi Fungsional (Hewan) 4,,Fakultas Biologi,Program Magister Biologi
6th Summer Course FTP UGM 2024,,Fakultas Teknologi Pertanian,
7 th Summer Course in Agri-food Sector: Artificial Intelligence Applications for Advancing the Agri,,Fakultas Teknologi Pertanian,
PEKERTI,,Fakultas Teknologi Pertanian,
Agronomi,,Fakultas Teknologi Pertanian,
Analisis Pengambilan Keputusan - TIP (2021,,Fakultas Teknologi Pertanian,
Analisis Sistem dan Model,,Fakultas Teknologi Pertanian,
AU-Satuan operasi 1,,Fakultas Teknologi Pertanian,
4th Summer Course FTP 2022,,Fakultas Teknologi Pertanian,
Ekonomi Teknik,,Fakultas Teknologi Pertanian,
Formulasi dan Fortifikasi Gizi - TPP-3137,,Fakultas Teknologi Pertanian,
Gizi Mikro,,Fakultas Teknologi Pertanian,
Analisis Isyarat Biomedis 2023-2 MTB SPs,,Sekolah Pascasarjana,Sekolah Pascasarjana
Rangkaian Listrik (IK1BB,,Sekolah Vokasi,Sekolah Vokasi
PIONIR PERMADANI 2025,,Sekolah Vokasi,Sekolah Vokasi
LSP UGM,,Sekolah Vokasi,Sekolah Vokasi
Agroklimatologi DTPB FTP UGM,,Fakultas Teknologi Pertanian,
Biokimia Farmasi Gasal 2026/2027,,Fakultas Farmasi,
Kimia Medisinal 2026/2027 (9,,Fakultas Farmasi,
MMF UAS Genap 2025/2026,,Fakultas Farmasi,
Farmasi Fisik 1 S1 2026/2027,,Fakultas Farmasi,
[Pekerti 2026] Systematic Review and Meta Analysis,,Fakultas Farmasi,
Nanoterapeutik 2026,,Fakultas Farmasi,
Intervensi Farmasi Berbasis Digital Genap 2025/2026,,Fakultas Farmasi,
"Summer Course 2026: Traditional Medicine Meets AI: Rooted in Heritage, Driven by Innovation",,Fakultas Farmasi,
Kosmeseutika Semester Genap 2025/2026,,Fakultas Farmasi,
MMF UTS GENAP 2025/2026,,Fakultas Farmasi,
Bahasa Biokomputasi,,Sekolah Pascasarjana,Sekolah Pascasarjana
Artificial Intelligence dalam Teknik Biomedis,,Sekolah Pascasarjana,Sekolah Pascasarjana
Biologi Dasar (Kimia-MIPA,,Fakultas Biologi,Program Sarjana Biologi
3 - Biostatistika (S1,,Fakultas Biologi,Program Sarjana Biologi
Genetika Populasi,,Fakultas Biologi,Program Sarjana Biologi
Biologi Sistem dan Komputasi,,Sekolah Pascasarjana,Sekolah Pascasarjana
