nama_normal,fakultas,program,deskripsi,tahun,nama_topik,jumlah_topik,terkait_sustainability
Fisiologi Tumbuhan,Fakultas Biologi,Program Sarjana Biologi,"Mata kuliah Fisiologi
Tumbuhan membahas konsep-ko n sep fisiologi tumbuhan dalam hal rumah tangga ...",,,0,False
Processing Daging Unggas,Fakultas Peternakan,,"Video Pembelajaran-Nutrisi Daging Unggas Mata kuliah ""Processing Daging Unggas"" membahas berbagai ...",,,0,False
Filsafat Pendidikan,Fakultas Filsafat,,"SELAMAT DATANG DI KELAS FILSAFAT PENDIDIKAN Matakuliah Filsafat Pendidikan
diselenggarakan untuk ...",,,0,False
Fisika,Fakultas Geografi,,"Topik-topik yang akan dipelajari : besaran, satuan, Kinematika, dinamika, sistem patikel,
getaran...",,,0,False
Bahasa Arab Lisan II,Fakultas Ilmu Budaya,,"Mata kuliah wajib program
studi yang mengantar kan mahasiswa agar mampu menyimak dan berbicara de...",,,0,False
Penilaian Properti Pengantar,Sekolah Vokasi,Sekolah Vokasi,Selamat datang di mata kuliah Penilaian Properti Pengantar! Penilaian Properti adalah salah satu m...,,,0,False
Biostatistika,Fakultas Biologi,Program Sarjana Biologi,Mata kuliah Biostatistika merupakan matakuliah dasar yang berisi konsep statistika deskriptif dan...,,,0,False
"Biosphere Reserve of Komodo and Orangutan: Komodo, Bats, Macaque, and Orangutan",Sekolah Pascasarjana,Sekolah Pascasarjana,Summer Course by the Graduate School of Universitas Gadjah Mada in collaboration with One Health ...,,,0,False
Biologi Umum,Fakultas Biologi,Program Sarjana Biologi,Mata Kuliah BIOLOGI DASAR adalah mata kuliah wajib yang diberikan kepada mahasiswa Klaster Sains....,,,0,False
English for Biology Class C,Fakultas Biologi,Program Sarjana Biologi,The course is prepared for the first year undergraduate students at the Faculty of Biology. This ...,,,0,False
ENZIMOLOGI,Sekolah Pascasarjana,Sekolah Pascasarjana,"Matakuliah ini berisikan tentang
fungsi enzim di dalam maupun di luar sel, bahan penyusun enzim,...",,,0,False
Evolusi Reguler (1,Fakultas Biologi,Program Sarjana Biologi,"Evolusi mempelajari mengenai
perubahan karakter yang diturunkan pada suatu populasi biologi dari...",,,0,False
Fisiologi Hewan Terapan (4,Fakultas Biologi,Program Sarjana Biologi,Mata kuliah pilihan yang membahas tentang teori dan praktik untuk penelitian-penelitian di bidang...,,,0,False
PIE,Fakultas Peternakan,,"Introduction
 to Livestock Economics course counts as part of the academic requirements of
 the...",,,0,False
Fitopatologi 2020,Fakultas Pertanian,,"This course discusses the history and importance of plant diseases, the concept of plant diseases...",2020.0,,0,False
Workshop Elins ELD - TWS,Fakultas Matematika dan Ilmu Pengetahuan Alam,,Workshop Elins adalah kuliah dan praktek mengenai tata cara pembuatan PCB (printed Circuit Board)...,,,0,False
Summer Course on Sustainable Tropical Agriculture 2025,Fakultas Pertanian,,Join Summer Course on Sustainable Tropical Agriculture 2025 : The Journey of Coffee from Seed to ...,2025.0,,0,False
Blockchain,Fakultas Matematika dan Ilmu Pengetahuan Alam,,"Matakuliah ini memberikan pengetahuan, pemahaman terkait konsep Bloakchain, Materi juga membahas ...",,,0,False
MATA KULIAH FISIOLOGI TUMBUHAN,Fakultas Biologi,Program Sarjana Biologi,Mata Kuliah Fisiologi Tumbuhan (BIB20901) merupakan mata kuliah wajib di Fakultas Biologi UGM. MK...,,,0,False
Ekologi Serangga 20231 - 3,Fakultas Biologi,Program Sarjana Biologi,"SKS : 2 – 1 Konsep ekologi, ekosistem, komunitas populasi, spesies, ras geografis. Karakteristik ...",2023.0,Keanekaragaman Hayati,1,True
Workshop Elins ELC - TWS,Fakultas Matematika dan Ilmu Pengetahuan Alam,,Workshop Elins adalah kuliah dan praktek mengenai tata cara pembuatan PCB (printed Circuit Board)...,,,0,False
Genetika Dasar,Fakultas Biologi,Program Sarjana Biologi,"Mata Kuliah ini mempelajari konsep dasar genetika, meliputi bahan genetik, ekspresi gen, struktur...",,,0,False
Agama Islam 2-2021,"Fakultas Kedokteran, Kesehatan Masyarakat dan Keperawatan",,Mata Kuliah Agama Islam   II  merupakan mata kuliah yang terkait dengan keyakinan yang melandasi ...,2021.0,,0,False
Dasar Hematologi- Hematopoiesis dan komponen sel darah,"Fakultas Kedokteran, Kesehatan Masyarakat dan Keperawatan",,"Mata kuliah ini mempelajari konsep dasar hematologi yang meliputi proses hematopoiesis, struktur ...",,,0,False
Obstetri 3 - Reversible Contraception,"Fakultas Kedokteran, Kesehatan Masyarakat dan Keperawatan",,Kursus ini memberikan pemahaman komprehensif mengenai berbagai metode kontrasepsi modern. Materi ...,,,0,False
Perencanaan Pembangunan Permukiman (Elective,Fakultas Teknik,,Mata kuliah pilihan Perencanaan Pembangunan Permukiman (2 sks) adalah mata kuliah yang ditawarkan...,,,0,False
Metode Penelitian (MTK dan MTPPI,Fakultas Teknik,,"This course equips students with the ability to design and develop a rigorous research proposal, ...",,,0,False
Animal Production Systems (S2,Fakultas Peternakan,,Animal Production Systems course focuses on the understanding of the complexity of the systems in...,,,0,False
Financial statement analysis,Sekolah Vokasi,Sekolah Vokasi,"Dive
into the world of Financial Statement Analysis with this comprehensive
course designed to ...",,,0,False
Biologi dan Konservasi Satwa Liar - PEKERTI 2026,Fakultas Kedokteran Hewan,,Mata kuliah Biologi dan Konservasi Satwa Liar memberikan pemahaman mengenai keanekaragaman satwa ...,2026.0,Konservasi Lingkungan; Keanekaragaman Hayati,2,True
Parasitologi Hewan Eksotik dan Satwa Liar - PEKERTI 2026,Fakultas Kedokteran Hewan,,Mata kuliah ini mempelajari berbagai parasit yang menginfeksi dan menginfestasi hewan eksotik dan...,2026.0,Keanekaragaman Hayati,1,True
Veterinary Clinical Pathology - International Undergraduate Program,Fakultas Kedokteran Hewan,,The Veterinary Clinical Pathology IUP course is a compulsory subject at the Faculty of Veterinary...,,,0,False
Pelatihan Juru Sembelih Halal Berbasis Kompetensi SKKNI No. 196 Tahun 2014,Fakultas Kedokteran Hewan,,Pelatihan bagi mahasiswa dan atau  masyarakat yang ingin memiliki kompetensi Juru Sembelih Halal ...,2014.0,,0,False
KEPANITERAAN ILMU PENYAKIT MULUT 2026,Fakultas Kedokteran Gigi,Program Profesi Kedokteran Gigi,"Kegiatan Kepaniteraan Oral Medicine atau Ilmu Penyakit Mulut meliputi
 pendidikan, pelatihan dan...",2026.0,,0,False
Dasar - Dasar Terapi Bedah Periodontal,Fakultas Kedokteran Gigi,Program Studi Spesialis Periodonsia,Bedah Dasar Periodonsia merupakan salah satu mata kuliah di program studi pendidikan dokter gigi ...,,,0,False
Kepaniteraan Periodonsia Klinik FKG UGM,Fakultas Kedokteran Gigi,Program Profesi Kedokteran Gigi,"Mata
kuliah periodonsia klinik merupakah Mata Kuliah wajib di program studi profesi
dokter gigi...",,,0,False
The 1st Gadjah Mada Veterinary Medicine International Summer Course: GUARDIANS OF FOREST WILDLIFE,Fakultas Kedokteran Hewan,,"The 1st Gadjah Mada Veterinary Medicine International Summer Course, titled “Guardians of Forest ...",,Keanekaragaman Hayati,1,True
Bahasa Ibrani,Fakultas Ilmu Budaya,,"Mata kuliah
pilihan program studi yang bertujuan untuk memberikan pengetahuan menyangkut
bahasa...",,,0,False
IUPiCs - Human and Cultural Communications,Fakultas Ilmu Sosial dan Politik,Departemen Ilmu Komunikasi (DIKOM) - IUP,This course is one of the basic courses in the study program. This course aims to equip students ...,,,0,False
STRUKTUR DAN PERKEMBANGAN HEWAN,Fakultas Biologi,Program Sarjana Biologi,"Mata kuliah Struktur dan Perkembangan Hewan memberikan pemahaman tentang pola dan simetri tubuh, ...",,,0,False
PRAKTIKUM BIOLOGI UMUM,Fakultas Biologi,Program Sarjana Biologi,Praktikum Biologi Umum merupakan mata kuliah wajib yang memiliki bobot 1 SKS. Praktikum ini wajib...,,,0,False
Hukum Ekonomi Internasional,Fakultas Hukum,International Undergraduate Program,"Mata Kuliah Hukum Ekonomi Internasional diajarkan kepada mahasiswa
fakultas hukum program Strata...",,,0,False
Mikrobiologi Industri (6,Fakultas Biologi,Program Sarjana Biologi,"Mikrobiologi Industri adalah mata kuliah pilihan
yang mempelajari prinsip dasar-dasar fermentasi...",,,0,False
GEL 3210 Pengelolaan DAS,Fakultas Geografi,,Matakuliah Pengelolaan DAS (GEL 3210) merupakan matakuliah pilihan bagi mahasiswa semester lanjut...,,,0,False
Ujian Kenaikan Tingkat Spesialis Penyakit Mulut,Fakultas Kedokteran Gigi,Program Spesialis Penyakit Mulut,Course ini merupakan course yang dibuat untuk mempersiapkan kenaikan tingkat para residen Program...,,,0,False
Conflict of Laws,Fakultas Hukum,International Undergraduate Program,"The course of Conflict
of Laws (COL) is an obligatory course. 
The course is delivered in fifth...",,,0,False
Etika Pancasila,Fakultas Filsafat,,"Etika Pancasila merupakan kajian ilmiah dalam bidang moralitas terkait dengan Pancasila, menguji ...",,,0,False
Citizenship Education,Fakultas Filsafat,,Citizenship education is designed as a subject of study that can develop the student’s capability...,,,0,False
Bioetika,Fakultas Filsafat,,Bioetika adalah mata kuliah pilihan yang dapat diambil oleh mahasiswa setelah menyelesaikan mata ...,,,0,False
BIMBINGAN PENELITIAN DAN PUBLIKASI,Fakultas Filsafat,,"Ruang  ini digunakan untuk mengelola dan memberikan  informasi  terkait perencanaan, pengelolaan,...",,,0,False
BAHASA INGGRIS FILSAFAT,Fakultas Filsafat,,WELCOME TO THIS COURSE! Mata  kuliah  Bahasa  Inggris  Filsafat  adalah mata kuliah yang memberi ...,,,0,False
FILSAFAT DAN LOGIKA,Fakultas Filsafat,,Matakuliah Filsafat dan Logika yang diberikan akan memperkenalkan pemikiran filsafat  secara umum...,,,0,False
Budaya Indonesia,Fakultas Filsafat,,Mata Kuliah Kebudayaan Indonesia merupakan mata kuliah yang harus diambil oleh mahasiswa filsafat...,,,0,False
Intermediate Accounting II,Fakultas Ekonomika dan Bisnis,S1 IUP - Semester Gasal 2026/2027,Intermediate Accounting II builds on Intermediate Accounting I and develops students’ ability to ...,,,0,False
Praktikum Struktur dan Biologi Fungsional Hewan (4,Fakultas Biologi,Program Magister Biologi,Praktikum untuk mahasiswa Pascarsarjana S2 Fakultas Biologi UGM. Struktur dan Biologi Fungsional ...,,,0,False
MKLD Rekayasa Protein Farmasetik 2025/2026,Fakultas Farmasi,,"Mata kuliah ini membahas tentang pengembangan produk protein sebagai obat makromolekul
(protein ...",2025.0,,0,False
Drug Delivery Systems - Undergraduate 2026,Fakultas Farmasi,,"Mata kuliah Sistem Penghantaran Obat secara umum
membahas aspek-aspek dalam proses penghantaran ...",2026.0,,0,False
Teknik Penggudangan 2026,Sekolah Vokasi,Sekolah Vokasi,Are you ready to dive into the world of warehouse management and take control of logistics like a...,2026.0,,0,False
Keterampilan Berbahasa Jepang,Sekolah Vokasi,Sekolah Vokasi,Mata kuliah ini merupakan mata kuliah wajib bagi siswa semester III yang telah mendapatkan materi...,,,0,False
English for Biology,Fakultas Biologi,Program Sarjana Biologi,This course is designed for first-year undergraduate students of the Faculty of Biology. It is a ...,,,0,False
Animal Structure and Development,Fakultas Biologi,IUP Biology,The Animal Structure and Development course provides an understanding of body patterns and symmet...,,,0,False
Animal Physiology (3,Fakultas Biologi,IUP Biology,Animal physiology is biological sub-discipline that tries to understand how animals function in ...,,,0,False
Big Data Analytics - Pascasarjana,Sekolah Pascasarjana,Sekolah Pascasarjana,"Mata kuliah Big Data Analytic membahas
definisi, karakteristik, dan pemanfaatan big data dalam ...",,,0,False
Alat dan Mesin Pengolahan,Fakultas Teknologi Pertanian,,"Membahas tentang spesifikasi dan prinsip
kerja peralatan dan mesin pengolahan untuk pangan dan ...",,,0,False
Farmakologi II_Gasal.2026/2027,Fakultas Farmasi,,"Farmakologi II berisi pembahasan mengenai interaksi obat dan reseptor sebagai target aksi obat, ...",2026.0,,0,False
Virologi dan Ilmu Penyakit Viral Veteriner-Pekerti 2026,Fakultas Kedokteran Hewan,,"Mata kuliah ini mempelajari tentang virus dan perbedaannya dengan mikroorganisme lain, struktur ...",2026.0,,0,False
One Health Summer Course #2: “Transdisciplinary One Health Approaches to Emerging and Re-Emerging Diseases: Strengthening Integrated Surveillance Systems”,"Fakultas Kedokteran, Kesehatan Masyarakat dan Keperawatan",,This One Health Summer Course explores transdisciplinary approaches to emerging and re-emerging ...,,,0,False
Sosioentrepreneurship Veteriner [Pekerti Batch 3],Fakultas Kedokteran Hewan,,Mata kuliah sosio- entrepreneurship veteriner adalah mata kuliah pilihan di Fakultas Kedokteran ...,,,0,False
KEPANITERAAN ILMU PENYAKIT MULUT 2025 - 2026,Fakultas Kedokteran Gigi,Program Profesi Kedokteran Gigi,"Kegiatan Kepaniteraan Oral Medicine atau Ilmu Penyakit Mulut meliputi pendidikan, pelatihan dan ...",2025.0,,0,False
Ekonomi Politik Digital dan Inovasi Disruptif 2025,Sekolah Pascasarjana,Sekolah Pascasarjana,"Mata kuliah ini merupakan mata kuliah wajib bagi mahasiswa Program Studi S2 Ketahanan Nasional, ...",2025.0,,0,False
Mathematics (IUP,Fakultas Biologi,IUP Biology,"Course contents: Real number systems: properties of real numbers, coordinate systems, relations ...",,,0,False
Sistematika Mikrobia (2) B,Fakultas Biologi,Program Sarjana Biologi,Sistematika Mikrobia merupakan ilmu yang mempelajari keanekaragaman mikrobia dan hubungan antar ...,,,0,False
Genetika Manusia,Fakultas Biologi,Program Sarjana Biologi,"Mata Kuliah ini memberikan kemampuan pada mahasiswa, baik verbal maupun tulisan, untuk memahami ...",,,0,False
"Analisis dan Pemodelan Citra Digital (S2 Penginderaan Jauh, Fak. Geografi",Fakultas Geografi,,MOOC ini dibuat untuk mendukung perkuliahan daring bagi mahasiswa S2 Penginderaan Jauh Fakultas ...,,,0,False
[PEKERTI 2026] Keperawatan Medikal Bedah (KMB) Lanjut III,"Fakultas Kedokteran, Kesehatan Masyarakat dan Keperawatan",,Keperawatan Medikal Bedah Lanjut 3 merupakan mata kuliah wajib yang berfokus pada integrasi dan ...,2026.0,,0,False
Matematika (Mathematics) - IUP,Fakultas Biologi,IUP Biology,"Course contents: Real number systems: properties of real numbers, coordinate systems, relations ...",,,0,False
Anatomi Tumbuhan,Fakultas Biologi,Program Sarjana Biologi,"Mata kuliah ini mempelajari struktur mikroskopis sel, jaringan, dan organ tumbuhan Angiospermae ...",,,0,False
Paleontologi Reguler,Fakultas Biologi,Program Sarjana Biologi,"Matakuliah ini mempelajari beberapa disiplin ilmu, seperti geologi, anatomi hewan dan
manusia, ...",,,0,False
Bahasa Bali S1 FAKULTAS ILMU BUDAYA,Fakultas Ilmu Budaya,,Mata kuliah Bahasa Bali merupakan mata kuliah pilihan di Prodi Sastra Jawa Fakultas Ilmu Budaya ...,,,0,False
Introduction to Cellular and Molecular Biotechnology - PEKERTI 2026,Fakultas Kedokteran Hewan,,"This course introduces the fundamental principles of
cellular and molecular biotechnology with ...",2026.0,,0,False
Strategi Mitigasi dan Adaptasi Perubahan Iklim,Fakultas Kehutanan,,"Modul
terbuka daring kredensial mikro “Strategi Mitigasi dan Adaptasi Perubahan
Iklim” adalah ...",,Perubahan Iklim,1,True
Praktikum Algoritma dan Struktur Data CSB,Fakultas Matematika dan Ilmu Pengetahuan Alam,,"●This course serves as a complement to the Algorithm and Data Structures course, with a primary ...",,,0,False
Agama dan Budaya FIR 4401,Fakultas Filsafat,,"Mata K uliah A gama
dan B udaya
merupakan salah satu mata kuliah dalam fokus studi religi dan ...",,,0,False
Praktikum Algoritma dan Struktur Data KOM C,Fakultas Matematika dan Ilmu Pengetahuan Alam,,"●This course serves as a complement to the Algorithm and Data Structures course, with a primary ...",,,0,False
Analisis masalah,Fakultas Teknik,,"Modul ini membahas konsep, metode, dan teknik dalam mengidentifikasi potensi permasalahan pada ...",,,0,False
Ilmu Sosial Perilaku Farmasi 2026,Fakultas Farmasi,,"Ilmu Sosial dan Perilaku Farmasi membicarakan pokok bahasan mencakup konsep, metode, dan teori ...",2026.0,,0,False
ETIKA (FIF 201212,Fakultas Filsafat,,Matakuliah ini ditujukan pada mahasiswa minimal semester 2. Membahas mengenai pemeriksaan yang ...,2012.0,,0,False
Struktur dan Perkembangan Tumbuhan (5,Fakultas Biologi,Program Sarjana Biologi,"Matakuliah ini mempelajari teori dan konsep terkait dengan struktur dan perkembangan tumbuhan, ...",,,0,False
Kimia Minyak Atsiri,Fakultas Matematika dan Ilmu Pengetahuan Alam,,Mata kuliah Kimia Minyak Atsiri menjelaskan aspek-aspek minyak atsiri yang penting dan menarik ...,,,0,False
Biologi Hutan A Gasal 2024/2025,Fakultas Kehutanan,,Mata Kuliah Biologi Hutan (KTU22102) merupakan mata kuliah wajib mahasiswa Fakultas Kehutanan. ...,2024.0,Pengelolaan Sumber Daya Alam,1,True
Profil Sensoris - PEKERTI 2024,Fakultas Teknologi Pertanian,,Mata kuliah Profil Sensoris memberikan pemahaman menyeluruh tentang karakteristik sensorik dan ...,2024.0,,0,False
Praktikum Kultur Sel In Vitro Hewan (1,Fakultas Biologi,Program Magister Biologi,Praktikum Kultur Sel In Vitro Hewan (BIMB202241) Laboratorium Fisiologi Hewan Fakultas Biologi ...,,,0,False
Civil Procedural Law,Fakultas Hukum,International Undergraduate Program,"This course offers topics that relate with
disputes that may arise in people’ daily life. Law ...",,,0,False
Sistematika Hewan Reguler,Fakultas Biologi,Program Sarjana Biologi,"Animal
Systematics is a compulsory course on animal diversity, especially in
Indonesia. This ...",,,0,False
"Bedah Periodontal Rekonstruksi, Plastik & Estetik",Fakultas Kedokteran Gigi,Program Studi Spesialis Periodonsia,"course ini berisikan materi Bedah Periodontal Rekonstruksi, Plastik & Estetik yang diampu oleh ...",,,0,False
Jaringan Komputer 1 - TRI BB - 2025,Sekolah Vokasi,Sekolah Vokasi,"Kuliah Jaringan Komputer 1 - Angkatan 2025 kelas BB Program Studi Teknologi Rekayasa Internet, ...",2025.0,,0,False
[PEKERTI 2026] Parasitologi Kedokteran,"Fakultas Kedokteran, Kesehatan Masyarakat dan Keperawatan",,Kursus ini menyajikan materi edukasi medis mengenai berbagai jenis parasit penyebab gatal pada ...,2026.0,,0,False
PEKERTI (Pemeriksaan Okuloplasti,"Fakultas Kedokteran, Kesehatan Masyarakat dan Keperawatan",,"Setelah mengikuti kursus ini, peseta dirapkan mampu melakukan pemeriksaan  kelopak mata secara ...",,,0,False
[Pekerti 2026] Keratitis Infeksius: Panduan Triase Diagnostik,"Fakultas Kedokteran, Kesehatan Masyarakat dan Keperawatan",,Selamat datang pada kuliah Penyakit Mata Luar (Infeksi dan Imunologi) . Mata kuliah ini diampu ...,2026.0,,0,False
Virologi (8,Fakultas Biologi,Program Sarjana Biologi,Virologi merupakan matakuliah pilihan Program Sarjana di Fakultas Biologi UGM yang mempelajari ...,,,0,False
Architecture and Technology Big Data,Fakultas Matematika dan Ilmu Pengetahuan Alam,,This course introduces the technologies and algorithms used to process and analyze large-scale ...,,,0,False
Ekologi Bentanglahan,Fakultas Geografi,,"Landscape ecology is best distinguished by its
focus on: 1) spatial heterogeneity, 2) broader ...",,Keanekaragaman Hayati,1,True
Contract Law (IUP,Fakultas Hukum,International Undergraduate Program,This course is a combination of  knowledge on the theory of contract law and skill of contract ...,,,0,False
[PEKERTI] Aljabar Linear Elementer 2026,Fakultas Matematika dan Ilmu Pengetahuan Alam,,"Mata kuliah Aljabar Linear Elementer merupakan mata
kuliah wajib yang ditempuh oleh mahasiswa ...",2026.0,,0,False
Architecture and Technology Big Data - ILKOM,Fakultas Matematika dan Ilmu Pengetahuan Alam,,This course introduces the technologies and algorithms used to process and analyze large-scale ...,,,0,False
English for Academic Purposes (Agriculture,Fakultas Pertanian,,English for Academic Purposes (EAP) course provides language instruction for academic study in ...,,,0,False
Bahan Pakan & Formulasi Ransum,Fakultas Peternakan,,Mata kuliah Bahan Pakan dan Formulasi Ransum (BPFR) merupakan mata kuliah wajib yang mendasari ...,,,0,False
Praktikum Statistika MPP41 2024/2025 Gasal,Sekolah Vokasi,Sekolah Vokasi,"Mata
kuliah ini merupakan aplikasi lanjut dari teori yang telah didapatkan pada mata
kuliah ...",2024.0,,0,False
Pengembangan Pusat Data (Data Center Developmet,Fakultas Matematika dan Ilmu Pengetahuan Alam,,Mata kuliah ini memberikan pengetahuan landscape Data Center pada infrastruktur menjadi fokus ...,,,0,False
Dasar-Dasar Konservasi Sumber Daya Hutan Sem 1 2020,Fakultas Kehutanan,,Matakuliah ini memberikan dasar pengetahuan tentang konservasi sumberdaya hutan yang mencakup ...,2020.0,Konservasi Lingkungan; Pengelolaan Sumber Daya Alam,2,True
Anatomi dan Identifikasi Kayu,Fakultas Kehutanan,,"Mata kuliah yang berisi tentang struktur kayu, anatomi dan penggunaannya untuk identifikasi kayu.",,,0,False
Pakan Fungsional,Fakultas Peternakan,,Mata kuliah ini membahas peran dan aplikasi pakan fungsional dalam meningkatkan kesehatan dan ...,,,0,False
Struktur dan Fungsi Serangga [ fisiologi serangga ],Fakultas Biologi,Program Sarjana Biologi,"Matakuliah ini mempelajari proses fisiologi dan pengelolaan biologi serangga, termasuk sistem ...",,,0,False
[GameHerbal] Training Bersertifikat via App - Official App.,"Fakultas Kedokteran, Kesehatan Masyarakat dan Keperawatan",,Aplikasi Game Training BerSERTIFIKAT Latihan soal training bersertifikat yang dikemas menjadi ...,,,0,False
Ekologi Perairan Gasal 2024/2025,Fakultas Kehutanan,,Mata Kuliah Ekologi Perairan adalah mata kuliah pilihan untuk mahasiwa Fakultas Kehutanan UGM ...,2024.0,Keanekaragaman Hayati; Pengelolaan Sumber Daya Alam,2,True
HAMA PENYAKIT HUTAN TROPIS,Fakultas Kehutanan,,"Mata kuliah ""Hama dan Penyakit Hutan Tropis""  membahas konsep dasar tentang hama dan penyakit ...",,Pengelolaan Sumber Daya Alam,1,True
EGPP _ TPHP 212107,Fakultas Teknologi Pertanian,,"Mata kuliah ini mempelajari tentang perubahan zat gizi (karbohidrat, lemak, protein, vitamin, ...",,,0,False
Ekofisiologi Hewan (7,Fakultas Biologi,Program Sarjana Biologi,Ekofisiologi hewan merupakan mata kuliah yang menggabungkan fisiologi hewan dan ekologi. Mata ...,,Keanekaragaman Hayati,1,True
Struktur dan Produk Jaringan Sekretori Tumbuhan,Fakultas Biologi,Program Sarjana Biologi,"Struktur dan produk sekretori
tumbuhan merupakan mata kuliah yang mempelajari berbagai macam ...",,,0,False
[PEKERTI] Comprehensive Assesment and Diagnostic Tool in Glaucoma,"Fakultas Kedokteran, Kesehatan Masyarakat dan Keperawatan",,Kelas ini mengajarkan penggunaan beberapa modalitas untuk pemeriksaan glaukoma. Beberapa yang ...,,,0,False
Praktikum Imunobiologi (8,Fakultas Biologi,Program Sarjana Biologi,"Praktikum Imunobiologi (BISB211528) bertujuan meningkatkan
pemahaman praktik mahasiswa dalam ...",,,0,False
Basis Data - Manajemen Informasi Kesehatan,Sekolah Vokasi,Sekolah Vokasi,Learning Management System untuk mendukung Mata Kuliah Basis Data di Program Studi Manajemen ...,,,0,False
Praktikum Imunologi Seluler dan Molekuler (0,Fakultas Biologi,Program Magister Biologi,Praktikum Imunologi Seluler dan Molekuler (BIMB202110) Laboratorium Fisiologi Hewan Fakultas ...,,,0,False
Kimia Farmasi Dasar 2026,Fakultas Farmasi,,Mata Kuliah Kimia Farmasi Dasar : berisi bahasan tentang teori dasar Ilmu Kimia Farmasi yang ...,2026.0,,0,False
Animal Systematics IUP,Fakultas Biologi,IUP Biology,"Animal Systematics is a compulsory course on animal diversity, especially in Indonesia. This ...",,,0,False
Herpetologi,Fakultas Biologi,Program Sarjana Biologi,"Herpetologi mempelajari tentang hewan-hewan yang termasuk dalam Kelas Amphibia dan
Reptilia ...",,,0,False
Kuliah Endokrinologi (9,Fakultas Biologi,Program Sarjana Biologi,"Mata kuliah ini mempelajari sejarah singkat endokrinologi, metode endokrinologi, klasifikasi ...",,,0,False
Biosistematika Hewan,Fakultas Biologi,Program Magister Biologi,"Mata Kuliah ini mempelajari tentang sejarah
biosistematik hewan, perkembangan biosistematik ...",,,0,False
Blok Mental Health TA 2025-2026,"Fakultas Kedokteran, Kesehatan Masyarakat dan Keperawatan",,Blok mental health adalah blok pertama yang diberikan pada mahasiswa semester keempat (tahun ...,2025.0,,0,False
Antropologi Teknologi,Fakultas Ilmu Budaya,,"Kuliah ini didisain untuk memberikan gambaran
tentang hubungan antara fenomena perkembangan ...",,,0,False
Arkeologi Industri,Fakultas Ilmu Budaya,,"Pengetahuan tentang ragam tinggalan industri di
Indonesia dalam kajian arkeologis, meliputi ...",,,0,False
5 Statistika Geospasial,Fakultas Geografi,,"Mata kuliah Statistika Geospasial (GEKP222125), Program Studi S1 Kartografi dan Penginderaan ...",,,0,False
GEO 3001 Kewirausahaan,Fakultas Geografi,,"Mata
kuliah ini akan mengajarkan kepada mahasiswa dasar-dasar kewirausahaan dan
memberikan ...",,,0,False
PEKERTI - PATOLOGI KLINIK VETERINER,Fakultas Kedokteran Hewan,,Mata kuliah ini diselenggarakan untuk membekali mahasiswa dengan materi Hematologi dan Kimia ...,,,0,False
Praktik IoT,Sekolah Vokasi,Sekolah Vokasi,"Praktik pembuatan IoT mempelajari
tentang ketrampilan untuk memahami konsep kesisteman IoT, ...",,,0,False
Biologi Sel dan Molekuler (BSM) Magister,Fakultas Biologi,Program Magister Biologi,"Matakuliah ini menjelaskan tentang evolusi sel, konsep dasar sel, baik sel prokariota maupun ...",,,0,False
Agama Islam Kontekstual,Fakultas Filsafat,,"Mata Kuliah Agama
Islam Kontekstual adalah mata kuliah wajib kategori Mata
Kuliah Perilaku ...",,,0,False
Bahasa Arab Amiyyah اللهجة العامية,Sekolah Vokasi,Sekolah Vokasi,هل ترغب في اكتشاف أسرار اللغة العربية واللهجات السعودية؟ تقدم لك هذه المادة فرصة فريدة لتعلم ...,,,0,False
Ushul Fiqh,Sekolah Vokasi,Sekolah Vokasi,"Curious how Islamic law is understood, explained, and applied? Join Usul Fiqh to explore the ...",,,0,False
Geohidrologi,Fakultas Geografi,,"Mata Kuliah Geohidrologi (GEL
2206) adalah mata kuliah lanjutan dari hidrologi dasar. Mata ...",,,0,False
Ekonomi Pembangunan Pedesaan,Fakultas Peternakan,,"Deskripsi Mata Kuliah : Tujuan dari mata kuliah ini adalah untuk mendiskusikan
teori-teori ...",,,0,False
PIONIR KESATRIA 2026,Fakultas Teknik,,Selamat datang Para Kesatria Muda ! Kami sangat senang menyambut kalian sebagai bagian dari ...,2026.0,,0,False
FISIOLOGI TUMBUHAN,Fakultas Pertanian,,"Fisiologi Tumbuhan merupakan mata kuliah yang
diwajibkan bagi mahasiswa Fakultas Pertanian ...",,,0,False
Filsafat Barat Pra,Fakultas Filsafat,,"Mata
kuliah ini  memberi dasar bagi mahasiswa
Fakultas Filsafat untuk mengenal para tokoh ...",,,0,False
Penyakit Vitreoretina,"Fakultas Kedokteran, Kesehatan Masyarakat dan Keperawatan",,"Mata
kuliah/topik ini membekali mahasiswa pengetahuan dan keterampilan klinis dasar
untuk ...",,,0,False
Praktikum Endokrinologi (9,Fakultas Biologi,Program Sarjana Biologi,Praktikum Endokrinogi (BISB211529) bertujuan meningkatkan pemahaman praktik mahasiswa dalam ...,,,0,False
Penerapan Geographic Information Systems (GIS) dalam Investigasi Epidemiologi Veteriner - Pekerti 2026,Fakultas Kedokteran Hewan,,Mata kuliah ini memperkenalkan prinsip dan aplikasi epidemiologi veteriner serta penggunaan ...,2026.0,,0,False
Keuangan Syariah,Sekolah Pascasarjana,Sekolah Pascasarjana,"Mata kuliah Keuangan Syariah merupakan mata kuliah
pilihan konsentrasi bagi mahasiswa yang ...",,,0,False
GEL 3107 Manajemen Bencana TA 2022/2023,Fakultas Geografi,,Kuliah Manajemen Bencana merupakan salah satu kuliah yang muncul akibat perkembangan isu di ...,2022.0,,0,False
Biometrika Sumberdaya Hutan,Fakultas Kehutanan,,Kelas virtual mata kuliah Biometrika SDH - Kelas D ini dimaksudkan untuk memberikan peluang ...,,Pengelolaan Sumber Daya Alam,1,True
Praktikum TTCK Genap 2024/2025 4,Fakultas Teknologi Pertanian,,Praktikum Teknik Tata Cara Kerja merupakan praktikum wajib dimana praktikan dapat melakukan ...,2024.0,,0,False
Praktikum Fisiologi Hewan S1 (3,Fakultas Biologi,Program Sarjana Biologi,Fisiologi hewan merupakan cabang ilmu biologi yang sangat penting dalam mempelajari fungsi ...,,,0,False
Kuliah Fisiologi Hewan (3,Fakultas Biologi,Program Sarjana Biologi,Fisiologi hewan merupakan cabang ilmu biologi yang sangat penting dalam mempelajari fungsi ...,,,0,False
Praktikum Dasar Komunikasi Bisnis dan Inovasi 2026,Fakultas Peternakan,,Tujuan dilakukannya praktikum Dasar Komunikasi Bisnis dan Inovasi adalah untuk : Mahasiswa ...,2026.0,,0,False
Evolution IUP (1,Fakultas Biologi,IUP Biology,"This course is
learning about changes in heritable characters in a biological population. ...",,,0,False
Pekerti - Reproduksi Hewan 101,Fakultas Kedokteran Hewan,,"Mata kuliah ini mempelajari tentang dasar-dasar reproduksi hewan secara umum, dimulai dari ...",,,0,False
FEMINISME,Fakultas Filsafat,,"Mata kuliah
ini merupakan salah satu matakuliah pilihan dalam Fokus Studi Filsafat Sosial ...",,,0,False
Bridging Course,Fakultas Psikologi,Continuing Education Program (CEP),Bridging Course ini bertujuan untuk menyiapkan peserta agar siap belajar sebagai mahasiswa ...,,,0,False
Pengelolaan Limbah B3 2025 copy 1,Fakultas Matematika dan Ilmu Pengetahuan Alam,,Pengelolaan limbah B3 adalah salah satu mata kuliah minat kimia lingkungan. Mahasiswa akan ...,2025.0,Pengelolaan Limbah,1,True
2023-2024 Genap Ekosistem Pertanian,Fakultas Pertanian,,Mata kuliah Ekosistem Pertanian merupakan mata kuliah wajib bagi mahasiswa Pertanian tahun ...,2023.0,Keanekaragaman Hayati,1,True
Banking Technology and Financial Services,Sekolah Vokasi,Sekolah Vokasi,"Welcome to the exciting
world of Fintech! In this course, we’ll explore how technology is ...",,,0,False
Pengelolaan Limbah B3 2026,Fakultas Matematika dan Ilmu Pengetahuan Alam,,Pengelolaan limbah B3 adalah salah satu mata kuliah minat kimia lingkungan. Mahasiswa akan ...,2026.0,Pengelolaan Limbah,1,True
Sejarah Pemikiran,Sekolah Pascasarjana,Sekolah Pascasarjana,Deskripsi Matakuliah Mata kuliah Sejarah Pemikiran Tujuan Pembelajaran 1. Mengetahui 2. Mampu,,,0,False
UAS Fisiologi Lingkungan Ani 2025,Fakultas Pertanian,,Selamat datang di UAS MK Fisiologi Lingkungan Bagian Ani Widiastuti Tahun 2025. Terima kasih.,2025.0,,0,False
2026 Dasar Prosedur Klinis Kedokteran Gigi,Fakultas Kedokteran Gigi,Program Profesi Kedokteran Gigi,"Topik” Dasar Prosedur
Klinis Kedokteran Gigi ” merupakan pengantar dasar untuk menuju ke ...",2026.0,,0,False
Pekerti,Fakultas Kedokteran Hewan,,Bahasa: Kursus ini membahas peran perikanan dalam ketahanan pangan global dan pengentasan ...,,Pengelolaan Sumber Daya Alam,1,True
Sintaksis Arab; Pengantar Ilmu Bahasa dan Sastra Arab,Fakultas Ilmu Budaya,,Mata kuliah wajib departemen yang bertujuan untuk memberikan pengetahuan mengenai sejarah ...,,,0,False
Teknik dan Tatacara Diagnostik Foto Rontgen,Fakultas Kedokteran Hewan,,"Modul ini memberikan panduan tentang teknik radiografis yang mendukung
proses diagnostik ...",,,0,False
English for Biology Class C 2025,Fakultas Biologi,Program Sarjana Biologi,"This course, ""English for Biology,"" is designed to enhance the English language skills of ...",2025.0,,0,False
Fisiologi Mikrobia (5,Fakultas Biologi,Program Sarjana Biologi,"Fisiologi Mikrobia adalah mata
kuliah pilihan yang mempelajari fungsi sel mikroba secara ...",,,0,False
Penulisan Ilmiah Genap 2026,Fakultas Pertanian,,Mata kuliah mempelajari arti penting melakukan publikasi ilmiah di jurnal bereputasi baik ...,2026.0,,0,False
PRAKTEK KLINIK LAPANGAN KOAS,Fakultas Kedokteran Gigi,Program Profesi Kedokteran Gigi,"Praktek Klinik Lapangan merupakan mata kuliah yang memberikan
pengalaman langsung kepada ...",,,0,False
STRATEGI INOVASI KREATIF,Fakultas Kehutanan,,"Mata kuliah ini merupakan mata kuliah yang dikhususkan pada pengenalan, dan pendampingan ...",,,0,False
"BLOK PRINSIP KEHIDUPAN, KOMUNIKASI DAN FUNGSI SOSIAL","Fakultas Kedokteran, Kesehatan Masyarakat dan Keperawatan",,"DESKRIPSI
BLOK PRINSIP KEHIDUPAN, KOMUNIKASI, DAN FUNGSI SOSIAL Blok Prinsip
Kehidupan,...",,,0,False
Immunobiology (8) for IUP,Fakultas Biologi,IUP Biology,"This course studies natural immunity, immunoglobulin, complement system, immune response ...",,,0,False
6 - Bioinformatika (S1,Fakultas Biologi,Program Sarjana Biologi,"Dosen Pengampu: Dra. Tuty Arisuryanti, M.Sc., Ph.D. Dr. Tri Rini Nuringtyas, M.Sc. Lisna ...",,,0,False
Agrostatistika - S1 Fakultas Pertanian UGM,Fakultas Pertanian,,"Mata
kuliah ini membahas mengenai konsep tentang bagaimana merancang suatu
eksperimen, ...",,,0,False
Pencemaran Lingkungan Laut,Fakultas Biologi,Program Sarjana Biologi,"Di mata kuliah ini,  Anda akan belajar untuk memahami konsep Pencemaran Lingkungan Laut, ...",,Pengelolaan Limbah,1,True
Kuliah Imunobiologi (8,Fakultas Biologi,Program Sarjana Biologi,"Mata kuliah ini mempelajari: imunitas alami, imunogenitas & antigen, imunoglobin, sistem ...",,,0,False
Praktikum Rekayasa Genetika & Bioteknologi S2,Fakultas Biologi,Program Magister Biologi,"Praktikum ini mempelajari tentang proses rekayasa genetika pada tumbuhan, hewan dan mikrobia",,,0,False
[PEKERTI] Teknik Budidaya Massa Hayati Terintegrasi,Fakultas Teknologi Pertanian,,Modul ini merupakan penutup dari rangkaian mata kuliah Teknik Budidaya Massa Hayati yang ...,,,0,False
EKOFISIOLOGI TUMBUHAN WI UMI,Fakultas Biologi,Program Sarjana Biologi,Mata Kuliah Ekofistum wajib bagi mahasiswa yang akan mengambil Skripsi di bidang Biologi ...,,,0,False
Analisis Data Geospasial Kehutanan dan Lingkungan,Fakultas Kehutanan,,"Mata kuliah ini mempelajari
tentang konsep dan integrasi penggunaan data digital sistem ...",,Pengelolaan Sumber Daya Alam,1,True
Statistika (Kurikulum 2016,Fakultas Peternakan,,Statistika merupakan mata kuliah wajib fakultas dan sangat menunjang untuk pengembangan ...,2016.0,,0,False
Praktikum Manajemen Konflik untuk Mahasiswa S1 Pendidikan Kedokteran [Blok Longitudinal Leadership],"Fakultas Kedokteran, Kesehatan Masyarakat dan Keperawatan",,Praktikum Manajemen Konflik untuk Mahasiswa S1 Pendidikan Kedokteran [Blok Longitudinal ...,,,0,False
Arkeologi Asia Selatan,Fakultas Ilmu Budaya,,"Pengetahuan tentang tentang ragam tinggalan
arkeologi di wilayah Asia Selatan ( India, ...",,,0,False
Pekerti - Patologi Umum (2,Fakultas Kedokteran Hewan,,"General pathology is a broad and complex scientific
field that helps to understand the ...",,,0,False
AXIOLOGY (Septiana,Fakultas Filsafat,,"Mata kuliah Aksiologi (Filsafat Nilai)
adalah mata kuliah wajib fakultas. Tujuan utama ...",,,0,False
ELIMINATION AND SKIN/TISSUE INTEGRITY 2026,"Fakultas Kedokteran, Kesehatan Masyarakat dan Keperawatan",,"Blok mempunyai
beberapa topik utama yaitu tentang eliminasi baik fekal maupun urinari ...",2026.0,,0,False
Financial Management Practicum,Sekolah Vokasi,Sekolah Vokasi,"Welcome to the engine
room of the financial world. In this practicum, we move beyond ...",,,0,False
Etika Politik,Fakultas Filsafat,,"Matakuliah Etika
  Politik ini merupakan  salah satu
  matakuliah pilihan yang dapat...",,,0,False
Civil Law,Fakultas Hukum,International Undergraduate Program,This course will provide the basic concept and foundation of civil law by elaborating ...,,,0,False
Praktikum Hewan Model dan Bioetik S2 (4,Fakultas Biologi,Program Magister Biologi,Kegiatan praktikum memuat topik-topik dasar yang bersifat praktis sehingga memudahkan ...,,,0,False
Praktikum Statistika MPP42 2024/2025 Gasal,Sekolah Vokasi,Sekolah Vokasi,Mata kuliah ini merupakan aplikasi lanjut dari teori yang telah didapatkan pada mata ...,2024.0,,0,False
Balaghah wa Dalalah,Fakultas Ilmu Budaya,,"Mata kuliah pilihan
program studi yang memberikan pengetahuan menyangkut pengertian ...",,,0,False
Teknik Kultur Jaringan Tumbuhan,Fakultas Biologi,Program Sarjana Biologi,"Matakuliah Teknik Kultur Jaringan Tumbuhan menjelaskan prinsip
  dasar dan sejarah ...",,,0,False
English For Biology IUP (1,Fakultas Biologi,IUP Biology,"English for Biology (BISB211101) IUP Class Faculty of Biology, Universitas Gadjah Mada",,,0,False
Praktik PIK & PWG 2025,Fakultas Kehutanan,,Praktik Pengantar Ilmu Kehutanan dan Pembelajaran Wanagama Fakultas Kehutanan UGM 2025,2025.0,Pengelolaan Sumber Daya Alam,1,True
Ujian online UTS Genetika Dasar - 2026,Fakultas Peternakan,,Matakuliah Genetika Dasar merupakan matakuliah dasar dan wajib ditempuh oleh semua ...,2026.0,,0,False
Antropologi Agama,Fakultas Ilmu Budaya,,"Kuliah Antropologi Agama bertujuan
  memperkenalkan teori-teori dan konsep kunci ...",,,0,False
4 Praktikum Fotogrametri dan Fotografi Udara,Fakultas Geografi,,Selamat Datang pada Mata Kuliah Praktikum Praktikum Fotogrametri dan Fotografi Udara,,,0,False
Technique in In Vitro Culture (Practice,Fakultas Biologi,Program Magister Biologi,This course is about practice of in vitro culture especially on plant and micro-alga,,,0,False
Botani Ekonomi,Fakultas Biologi,Program Sarjana Biologi,Kode    : BISB211411 SKS       : 2 – 1 Matakuliah Botani Ekonomi diadakan dalam ...,,,0,False
Gerak Bola Mata dan Dasar Strabismus,"Fakultas Kedokteran, Kesehatan Masyarakat dan Keperawatan",,"Pembelajaran fisiologi, anatomi, inervasi gerak bola mata serta dasar strabismus",,,0,False
Anatomi Terapan/Applied Veterinary Anatomy,Fakultas Kedokteran Hewan,,"The course is teaching on: 1. External
  veterinary anatomy and anatomical ...",,,0,False
Laporan Bacaan 2025,Fakultas Ilmu Budaya,,Ini adalah kursus khusus laporan bacaan pengganti Ko-Kurikuller BAL dan BAT 1,2025.0,,0,False
Biotek Fitoaleksin dan Resistensi,Fakultas Pertanian,,Selamat Datang di MK S2 Fitoaleksin dan Resistensi Prodi Bioteknologi UGM,,,0,False
Anatomi dan Histologi - B,Fakultas Peternakan,,Mata kuliah ini mempelajari tentang Anatomi dan Histologi pada ternak.,,,0,False
Anatomi dan Fisiologi,Fakultas Peternakan,,Mata kuliah ini membahas tentang anatomi dan filiologi ternak.,,,0,False
Manajemen Komunikasi dan Informasi Tanggap Darurat,Sekolah Pascasarjana,Sekolah Pascasarjana,Kuliah Manajemen Komunikasi dan Informasi Tanggap Darurat.,,,0,False
"Inovasi, Kepemimpinan dan Literasi Digital Sektor Publik",Sekolah Pascasarjana,Sekolah Pascasarjana,"Inovasi, Kepemimpinan dan Literasi Digital Sektor Publik",,,0,False
Kultur Rekayasa Alga,Fakultas Biologi,Program Sarjana Biologi,Ini adalah halaman elok untuk Kultur Rekayasa Alga s1,,,0,False
Genetika Sel,Fakultas Biologi,Program Sarjana Biologi,"Mempelajari Genetika Sel tanaman , hewan dan manusia",,,0,False
BAHASA INDONESIA KOMPOSISI - PAK RUDI,Fakultas Ilmu Budaya,,Mata Kuliah ini sebagai mata kuliah MKDU universitas,,,0,False
Animal Development IUP 2024,Fakultas Biologi,IUP Biology,This courses is Animal Structure and Development,2024.0,,0,False
Dummy Kewarganegaraan,Fakultas Filsafat,,Mata kuliah ini terkait Kewarganegaraan.,,,0,False
Matematika [] S1 Biologi,Fakultas Biologi,Program Sarjana Biologi,Matematika [MMS1107] S1 Biologi Kelas C,,,0,False
Bioteknologi Pertanian (Agricultural Biotechnology,Fakultas Pertanian,,Mata kuliah Bioteknologi Pertanian,,,0,False
Geografi Lingkungan,Fakultas Geografi,,Mata kuliah ini membahas tentang,,,0,False
Coba coba tidak meledak,Fakultas Teknologi Pertanian,,Coba-coba tidak meledak,,,0,False
Gastronomi Indonesia,Fakultas Teknologi Pertanian,,Gastronomi Indonesia,,,0,False
Pemanfaatan ClinVar,"Fakultas Kedokteran, Kesehatan Masyarakat dan Keperawatan",,Pemanfaatan ClinVar,,,0,False
BIOMEDICAL IMAGING,Sekolah Pascasarjana,Sekolah Pascasarjana,BIOMEDICAL IMAGING,,,0,False
Geografi Manusia,Fakultas Geografi,,RPKPS,,,0,False
Try Out UKMP2DG Mei 2025,Fakultas Kedokteran Gigi,Program Profesi Kedokteran Gigi,-,2025.0,,0,False
Paleontology IUP (3,Fakultas Biologi,IUP Biology,,,,0,False
Enzimologi S2 Bioteknologi 2021,Sekolah Pascasarjana,Sekolah Pascasarjana,,2021.0,,0,False
Dasar-dasar Analisis Risiko Multi Bencana,Sekolah Pascasarjana,Sekolah Pascasarjana,,,,0,False
Keamanan Informasi Digital,Sekolah Pascasarjana,Sekolah Pascasarjana,,,,0,False
Kepemimpinan Strategik,Sekolah Pascasarjana,Sekolah Pascasarjana,,,,0,False
Manajemen Hubungan Masyarakat,Sekolah Pascasarjana,Sekolah Pascasarjana,,,,0,False
PIONIR PERMADANI 2026,Sekolah Vokasi,Sekolah Vokasi,,2026.0,,0,False
Komunikasi Massa dalam Pembangunan,Sekolah Pascasarjana,Sekolah Pascasarjana,,,,0,False
Magister Bioteknologi - NANOBIOTEKNOLOGI 2022/2023,Sekolah Pascasarjana,Sekolah Pascasarjana,,2022.0,,0,False
Matematika (Biologi) 2022/2023,Fakultas Biologi,IUP Biology,,2022.0,,0,False
Microbial Physiology (5,Fakultas Biologi,IUP Biology,,,,0,False
Schizophrenia,"Fakultas Kedokteran, Kesehatan Masyarakat dan Keperawatan",,,,,0,False
Sosialisasi PPDS 1 Ilmu Kesehatan Mata FKKMK UGM,"Fakultas Kedokteran, Kesehatan Masyarakat dan Keperawatan",,,,,0,False
[Tugas Pekerti] Model Hewan Coba pada Penelitian Biomedis,"Fakultas Kedokteran, Kesehatan Masyarakat dan Keperawatan",,,,,0,False
TRY OUT UKMP2DG FKG UGM,Fakultas Kedokteran Gigi,Program Profesi Kedokteran Gigi,,,,0,False
Praktikum Stase Kedokteran Gigi Masyarakat dan Pencegahan,Fakultas Kedokteran Gigi,Program Profesi Kedokteran Gigi,,,,0,False
Kompromis Medis,Fakultas Kedokteran Gigi,Program Spesialis Penyakit Mulut,,,,0,False
Ilmu Reseptir dan Farmasi Veteriner - Pekerti 2026,Fakultas Kedokteran Hewan,,,2026.0,,0,False
Praktikum Ilmu Penyakit Bakterial dan Mikal,Fakultas Kedokteran Hewan,,,,,0,False
Pharmacotherapy II and Toxicology,Fakultas Kedokteran Hewan,,,,,0,False
Praktikum Mikrobiologi Tanah 2025,Fakultas Kehutanan,,,2025.0,,0,False
Praktikum Kesuburan Tanah 2025,Fakultas Kehutanan,,,2025.0,,0,False
Pengelolaan Jasa Lingkungan,Fakultas Kehutanan,,,,,0,False
Ilmu Tanah Hutan 2024,Fakultas Kehutanan,,,2024.0,Pengelolaan Sumber Daya Alam,1,True
Identifikasi dan Mikroteknik Kayu,Fakultas Kehutanan,,,,,0,False
ENFORNATION UGM 2024,Fakultas Kehutanan,,,2024.0,,0,False
Arkeologi Maritim,Fakultas Ilmu Budaya,,,,,0,False
Arkeologi Prasejarah,Fakultas Ilmu Budaya,,,,,0,False
Bahasa Arab Tulis dan Bahasa Arab Lisan II,Fakultas Ilmu Budaya,,,,,0,False
Praktikum Pemrograman Komputer A1 & A2 2025,Sekolah Vokasi,Sekolah Vokasi,,2025.0,,0,False
Praktikum Desain PL 2526,Sekolah Vokasi,Sekolah Vokasi,,,,0,False
ARTHROPODS - SH Klas B/P.Didit,Fakultas Biologi,Program Sarjana Biologi,,,,0,False
Arsitektur Perangkat Lunak AA 2526,Sekolah Vokasi,Sekolah Vokasi,,,,0,False
Implan KG Terpadu,Fakultas Kedokteran Gigi,Program Studi Spesialis Periodonsia,,,,0,False
Data Pasien Residen,Fakultas Kedokteran Gigi,Program Spesialis Ortodonti,,,,0,False
Bahasa Arab Lisan III,Fakultas Ilmu Budaya,,,,,0,False
Bahasa Arab Tulis II,Fakultas Ilmu Budaya,,,,,0,False
Pemuliaan Ikan,Fakultas Biologi,Program Sarjana Biologi,,,,0,False
Medisin Periodontal,Fakultas Kedokteran Gigi,Program Studi Spesialis Periodonsia,,,,0,False
INCULS Lanjut 2 - Membaca 2025,Fakultas Ilmu Budaya,,,2025.0,,0,False
TERAPI MULTIDISIPLIN- Periodonsia,Fakultas Kedokteran Gigi,Program Studi Spesialis Periodonsia,,,,0,False
Teori Bahasa dan Otomata,Fakultas Matematika dan Ilmu Pengetahuan Alam,,,,,0,False
Physics,Fakultas Matematika dan Ilmu Pengetahuan Alam,,,,,0,False
Fisika Atom,Fakultas Matematika dan Ilmu Pengetahuan Alam,,,,,0,False
Transformasi Digital - Test course,Fakultas Biologi,Program Sarjana Biologi,,,,0,False
Bioteknologi Hasil Hutan,Fakultas Kehutanan,,,,Pengelolaan Sumber Daya Alam,1,True
Mock Test ON MIPA bidang Biologi,Fakultas Biologi,Program Sarjana Biologi,,,,0,False
Jaringan Komputer Lanjut - YS 2025-2,Fakultas Matematika dan Ilmu Pengetahuan Alam,,,2025.0,,0,False
Genetika Molekular,Fakultas Biologi,Program Sarjana Biologi,,,,0,False
Kuliah Ikhtiologi (9,Fakultas Biologi,Program Sarjana Biologi,,,,0,False
Matematika - YS,Fakultas Biologi,Program Sarjana Biologi,,,,0,False
Matematika - 2022 - YS,Fakultas Biologi,Program Sarjana Biologi,,2022.0,,0,False
Mikrobiologi (2,Fakultas Biologi,Program Sarjana Biologi,,,,0,False
DCSE Summer Course 2026 - Empowering Society through AI & Robotics,Fakultas Matematika dan Ilmu Pengetahuan Alam,,,2026.0,,0,False
Adat Law Introduction and Selected Issues,Fakultas Hukum,International Undergraduate Program,,,,0,False
Legal Writing and Language IUP,Fakultas Hukum,International Undergraduate Program,,,,0,False
Research Methodology,Fakultas Hukum,International Undergraduate Program,,,,0,False
Tax Law A Semester Genap 2023,Fakultas Hukum,International Undergraduate Program,,2023.0,,0,False
Tax Law B Semester Genap 2023,Fakultas Hukum,International Undergraduate Program,,2023.0,,0,False
Tax Law A,Fakultas Hukum,International Undergraduate Program,,,,0,False
Metodologi Penelitian - 2025-2 - YS,Fakultas Matematika dan Ilmu Pengetahuan Alam,,,2025.0,,0,False
Kapita Selekta Sistem Komputer dan Jaringan,Fakultas Matematika dan Ilmu Pengetahuan Alam,,,,,0,False
Kanji II Semester Genap 2025/2026,Fakultas Ilmu Budaya,,,2025.0,,0,False
2026 Membaca dan Menulis II,Fakultas Ilmu Budaya,,,2026.0,,0,False
PIONIR GEOSPACE 2025,Fakultas Geografi,,,2025.0,,0,False
Penginderaan Jauh,Fakultas Geografi,,,,,0,False
Blok Pengelolaan Lingkungan,Fakultas Geografi,,,,,0,False
4 Kartografi Tematik dan ATLAS,Fakultas Geografi,,,,,0,False
GEL 1401 S1 Ekologi Lingkungan,Fakultas Geografi,,,,Keanekaragaman Hayati,1,True
GEL 3314 Geografi Asia Pasifik,Fakultas Geografi,,,,,0,False
Geografi Perdesaan,Fakultas Geografi,,,,,0,False
Geografi Politik,Fakultas Geografi,,,,,0,False
Bioteknologi Pertanian 2025/2026,Fakultas Pertanian,,,2025.0,,0,False
UAS Biokimia 2026,Fakultas Pertanian,,,2026.0,,0,False
S2) Genetika Populasi dan Kuantitatif Tanaman,Fakultas Pertanian,,,,,0,False
"S3) Metode Laboratorium, Lapangan, dan Analisis Data",Fakultas Pertanian,,,,,0,False
S3) Perspektif dan Etika dalam Pemuliaan Tanaman,Fakultas Pertanian,,,,,0,False
Biologi Molekuler Farmasi REG Genap 2025/2026,Fakultas Farmasi,,,2025.0,,0,False
Stabilitas Produk 2025/2026,Fakultas Farmasi,,,2025.0,,0,False
Pharmaceutical Biotechnology Event Semester 2025/2026,Fakultas Farmasi,,,2025.0,,0,False
AXIOLOGY (S2,Fakultas Filsafat,,,,,0,False
BAHASA INGGRIS FILSAFAT (AWe,Fakultas Filsafat,,,,,0,False
Etika,Fakultas Filsafat,,,,,0,False
Etika Lingkungan Rachmad Hidayat,Fakultas Filsafat,,,,,0,False
PIONIR GEOSPACE 2026,Fakultas Geografi,,,2026.0,,0,False
Botani (102,Fakultas Pertanian,,,,,0,False
English For Academic Purposes 2022 Class B,Fakultas Pertanian,,,2022.0,,0,False
Hubungan Masyarakat MBKM,Fakultas Pertanian,,,,,0,False
ILMU USAHA TANI,Fakultas Pertanian,,,,,0,False
Immunolog Ikan,Fakultas Pertanian,,,,,0,False
MANAJEMEN INDUSTRI PETERNAKAN,Fakultas Peternakan,,,,,0,False
Tax Law B,Fakultas Hukum,International Undergraduate Program,,,,0,False
Inculs - TIAS Pemula 2 - 2026,Fakultas Ilmu Budaya,,,2026.0,,0,False
Analsis Elektronika 2025-2,Fakultas Matematika dan Ilmu Pengetahuan Alam,,,2025.0,,0,False
Matematika Dasar (NYM-MMN,Fakultas Peternakan,,,,,0,False
Matematika,Fakultas Peternakan,,,,,0,False
Pemilihan Mahasiswa Fakultas Peternakan,Fakultas Peternakan,,,,,0,False
User Interfaces and User eXperience Design_2627,Fakultas Teknik,,,,,0,False
Anatomi dan Histologi,Fakultas Peternakan,,,,,0,False
Aneka Ternak Perah PTD 3304,Fakultas Peternakan,,,,,0,False
Animal Behaviour and Welfare,Fakultas Peternakan,,,,,0,False
Engineering Management IUP Ganjil 26/27,Fakultas Teknik,,,,,0,False
Ergonomika eguler Ganjil 26/27,Fakultas Teknik,,,,,0,False
Ergonomics IUP Ganjil 26/27,Fakultas Teknik,,,,,0,False
Molecular Biology IUP Even Semester 2025/2026,Fakultas Farmasi,,,2025.0,,0,False
Pemuliaan Tanaman dan Hewan-9,Fakultas Biologi,Program Magister Biologi,,,,0,False
Course copying in progress copy 6,Fakultas Teknik,,,,,0,False
Course copying in progress copy 5,Fakultas Teknik,,,,,0,False
Introduction to Industrial Engineering Ganjil 26/27,Fakultas Teknik,,,,,0,False
Limnologi Magister Biologi,Fakultas Biologi,Program Magister Biologi,,,,0,False
Teknologi Fermentasi (1,Fakultas Biologi,Program Magister Biologi,,,,0,False
Gasal 2026/2027_1_Farmakokinetika_2 sks,Fakultas Farmasi,,,2026.0,,0,False
Cognitive Engineering and Neuroscience Ganjil 26/27,Fakultas Teknik,,,,,0,False
Problem Analysis,Fakultas Teknik,,,,,0,False
Perencanaan dan Pemodelan Transportasi,Fakultas Teknik,,,,,0,False
Keselamatan dan Kesehatan Kerja (K3,Fakultas Teknik,,,,,0,False
Engineering for Civilization (KKUP - IUP B,Fakultas Teknik,,,,,0,False
2026 STPAM,Fakultas Teknik,,,2026.0,,0,False
Metodologi Penelitian dan Penulisan Ilmiah Genap 25/26,Fakultas Teknik,,,,,0,False
Pengalaman Pengguna & Usabilitas_2526,Fakultas Teknik,,,,,0,False
Biomekanika dan Fisiologi Terapan 2526,Fakultas Teknik,,,,,0,False
Short Course in Agri-Food Sector: Nature X ScienceTech Innovation: Co-Creating Sustainable Agro-Food Industry and Climate Solutions for Resilient Planet,Fakultas Teknologi Pertanian,,,,,0,False
Ekologi Vegetasi TA Gasal 2022/2023,Fakultas Biologi,Program Magister Biologi,,2022.0,Keanekaragaman Hayati,1,True
Kuliah Hewan Model dan Bioetik (4,Fakultas Biologi,Program Magister Biologi,,,,0,False
Kuliah Struktur dan Biologi Fungsional (Hewan) 4,Fakultas Biologi,Program Magister Biologi,,,,0,False
6th Summer Course FTP UGM 2024,Fakultas Teknologi Pertanian,,,2024.0,,0,False
7 th Summer Course in Agri-food Sector: Artificial Intelligence Applications for Advancing the Agri,Fakultas Teknologi Pertanian,,,,,0,False
PEKERTI,Fakultas Teknologi Pertanian,,,,,0,False
Agronomi,Fakultas Teknologi Pertanian,,,,,0,False
Analisis Pengambilan Keputusan - TIP (2021,Fakultas Teknologi Pertanian,,,2021.0,,0,False
Analisis Sistem dan Model,Fakultas Teknologi Pertanian,,,,,0,False
AU-Satuan operasi 1,Fakultas Teknologi Pertanian,,,,,0,False
4th Summer Course FTP 2022,Fakultas Teknologi Pertanian,,,2022.0,,0,False
Ekonomi Teknik,Fakultas Teknologi Pertanian,,,,,0,False
Formulasi dan Fortifikasi Gizi - TPP-3137,Fakultas Teknologi Pertanian,,,,,0,False
Gizi Mikro,Fakultas Teknologi Pertanian,,,,,0,False
Analisis Isyarat Biomedis 2023-2 MTB SPs,Sekolah Pascasarjana,Sekolah Pascasarjana,,2023.0,,0,False
Rangkaian Listrik (IK1BB,Sekolah Vokasi,Sekolah Vokasi,,,,0,False
PIONIR PERMADANI 2025,Sekolah Vokasi,Sekolah Vokasi,,2025.0,,0,False
LSP UGM,Sekolah Vokasi,Sekolah Vokasi,,,,0,False
Agroklimatologi DTPB FTP UGM,Fakultas Teknologi Pertanian,,,,,0,False
Biokimia Farmasi Gasal 2026/2027,Fakultas Farmasi,,,2026.0,,0,False
Kimia Medisinal 2026/2027 (9,Fakultas Farmasi,,,2026.0,,0,False
MMF UAS Genap 2025/2026,Fakultas Farmasi,,,2025.0,,0,False
Farmasi Fisik 1 S1 2026/2027,Fakultas Farmasi,,,2026.0,,0,False
[Pekerti 2026] Systematic Review and Meta Analysis,Fakultas Farmasi,,,2026.0,,0,False
Nanoterapeutik 2026,Fakultas Farmasi,,,2026.0,,0,False
Intervensi Farmasi Berbasis Digital Genap 2025/2026,Fakultas Farmasi,,,2025.0,,0,False
"Summer Course 2026: Traditional Medicine Meets AI: Rooted in Heritage, Driven by Innovation",Fakultas Farmasi,,,2026.0,,0,False
Kosmeseutika Semester Genap 2025/2026,Fakultas Farmasi,,,2025.0,,0,False
MMF UTS GENAP 2025/2026,Fakultas Farmasi,,,2025.0,,0,False
Bahasa Biokomputasi,Sekolah Pascasarjana,Sekolah Pascasarjana,,,,0,False
Artificial Intelligence dalam Teknik Biomedis,Sekolah Pascasarjana,Sekolah Pascasarjana,,,,0,False
Biologi Dasar (Kimia-MIPA,Fakultas Biologi,Program Sarjana Biologi,,,,0,False
3 - Biostatistika (S1,Fakultas Biologi,Program Sarjana Biologi,,,,0,False
Genetika Populasi,Fakultas Biologi,Program Sarjana Biologi,,,,0,False
Biologi Sistem dan Komputasi,Sekolah Pascasarjana,Sekolah Pascasarjana,,,,0,False
